"date","username","product","sku","model","quantity","unit_type","applied_cost_per_quantity","gross_amount","discount_amount","net_amount","exceeds_quota","total_monthly_quota","organization","cost_center_name"
"2025-10-01","RafaelDreschEncora","copilot","copilot_premium_request","Claude Sonnet 3.5","4","requests","0.04","0.16","0.16","0","False","300","Experity",""
"2025-10-01","mikepedz","copilot","copilot_premium_request","Claude Sonnet 4","27","requests","0.04","1.0800000000000003","1.0800000000000003","0","False","300","Experity",""
"2025-10-01","bwhiteOP","copilot","copilot_premium_request","Claude Sonnet 4","10","requests","0.04","0.39999999999999997","0.39999999999999997","0","False","300","onepackius",""
"2025-10-01","nkaur24","copilot","copilot_premium_request","Claude Sonnet 4","2","requests","0.04","0.08","0.08","0","False","300","Experity",""
"2025-10-01","singadi","copilot","copilot_premium_request","Claude Sonnet 4","23","requests","0.04","0.9200000000000003","0.9200000000000003","0","False","300","Experity",""
"2025-10-01","leima2010","copilot","copilot_premium_request","Claude Sonnet 4","3","requests","0.04","0.12","0.12","0","False","300","onepackius",""
"2025-10-01","sodakdoogie1969","copilot","copilot_premium_request","Claude Sonnet 4","5","requests","0.04","0.2","0.2","0","False","300","Experity",""
"2025-10-01","NorJull","copilot","copilot_premium_request","Claude Sonnet 4","4","requests","0.04","0.16","0.16","0","False","300","onepackius",""
"2025-10-01","rgiordano66","copilot","copilot_premium_request","Claude Sonnet 4","1","requests","0.04","0.04","0.04","0","False","300","Experity",""
"2025-10-01","twilson-eh","copilot","copilot_premium_request","Claude Sonnet 4","7","requests","0.04","0.28","0.28","0","False","300","Experity",""
"2025-10-01","aswinkulath93","copilot","copilot_premium_request","Claude Sonnet 4","35","requests","0.04","1.4000000000000006","1.4000000000000006","0","False","300","Experity",""
"2025-10-01","kennytran95","copilot","copilot_premium_request","Claude Sonnet 4","1","requests","0.04","0.04","0.04","0","False","300","Experity",""
"2025-10-01","bstock21","copilot","copilot_premium_request","Claude Sonnet 4","7","requests","0.04","0.28","0.28","0","False","300","onepackius",""
"2025-10-01","zacharypollard","copilot","copilot_premium_request","Claude Sonnet 4","7","requests","0.04","0.28","0.28","0","False","300","Experity",""
"2025-10-01","zacharypollard","copilot","copilot_premium_request","Code Review model","4","requests","0.04","0.16","0.16","0","False","300","Experity",""
"2025-10-01","RafaelDreschEncora","copilot","copilot_premium_request","Code Review model","4","requests","0.04","0.16","0.16","0","False","300","Experity",""
"2025-10-01","sodakdoogie1969","copilot","copilot_premium_request","Code Review model","1","requests","0.04","0.04","0.04","0","False","300","Experity",""
"2025-10-01","BrandonOrtuno","copilot","copilot_premium_request","Code Review model","2","requests","0.04","0.08","0.08","0","False","300","Experity",""
"2025-10-01","rgiordano66","copilot","copilot_premium_request","Code Review model","3","requests","0.04","0.12","0.12","0","False","300","Experity",""
"2025-10-01","bwhiteOP","copilot","copilot_premium_request","Code Review model","4","requests","0.04","0.16","0.16","0","False","300","onepackius",""
"2025-10-01","twilson-eh","copilot","copilot_premium_request","Code Review model","1","requests","0.04","0.04","0.04","0","False","300","Experity",""
"2025-10-02","RafaelDreschEncora","copilot","copilot_premium_request","Claude Sonnet 3.5","5","requests","0.04","0.2","0.2","0","False","300","Experity",""
"2025-10-02","ithank","copilot","copilot_premium_request","Claude Sonnet 4","1","requests","0.04","0.04","0.04","0","False","300","Experity",""
"2025-10-02","nkaur24","copilot","copilot_premium_request","Claude Sonnet 4","16","requests","0.04","0.64","0.64","0","False","300","Experity",""
"2025-10-02","Jespinozah","copilot","copilot_premium_request","Claude Sonnet 4","1","requests","0.04","0.04","0.04","0","False","300","onepackius",""
"2025-10-02","bwhiteOP","copilot","copilot_premium_request","Claude Sonnet 4","3","requests","0.04","0.12","0.12","0","False","300","onepackius",""
"2025-10-02","zacharypollard","copilot","copilot_premium_request","Claude Sonnet 4","8","requests","0.04","0.32","0.32","0","False","300","Experity",""
"2025-10-02","iblatter-experity","copilot","copilot_premium_request","Claude Sonnet 4","1","requests","0.04","0.04","0.04","0","False","300","Experity",""
"2025-10-02","tcrane20","copilot","copilot_premium_request","Claude Sonnet 4","6","requests","0.04","0.24000000000000002","0.24000000000000002","0","False","300","Experity",""
"2025-10-02","mikepedz","copilot","copilot_premium_request","Claude Sonnet 4","2","requests","0.04","0.08","0.08","0","False","300","Experity",""
"2025-10-02","bstock21","copilot","copilot_premium_request","Claude Sonnet 4","1","requests","0.04","0.04","0.04","0","False","300","onepackius",""
"2025-10-02","rgiordano66","copilot","copilot_premium_request","Claude Sonnet 4","1","requests","0.04","0.04","0.04","0","False","300","Experity",""
"2025-10-02","BrandonOrtuno","copilot","copilot_premium_request","Claude Sonnet 4","1","requests","0.04","0.04","0.04","0","False","300","Experity",""
"2025-10-02","Ayushojha1110","copilot","copilot_premium_request","Claude Sonnet 4","1","requests","0.04","0.04","0.04","0","False","300","Experity",""
"2025-10-02","sodakdoogie1969","copilot","copilot_premium_request","Claude Sonnet 4","24","requests","0.04","0.9600000000000003","0.9600000000000003","0","False","300","Experity",""
"2025-10-02","twilson-eh","copilot","copilot_premium_request","Claude Sonnet 4","9","requests","0.04","0.36","0.36","0","False","300","Experity",""
"2025-10-02","NorJull","copilot","copilot_premium_request","Claude Sonnet 4","1","requests","0.04","0.04","0.04","0","False","300","onepackius",""
"2025-10-02","RafaelDreschEncora","copilot","copilot_premium_request","Claude Sonnet 4","1","requests","0.04","0.04","0.04","0","False","300","Experity",""
"2025-10-02","aswinkulath93","copilot","copilot_premium_request","Claude Sonnet 4","22","requests","0.04","0.8800000000000002","0.8800000000000002","0","False","300","Experity",""
"2025-10-02","singadi","copilot","copilot_premium_request","Claude Sonnet 4","11","requests","0.04","0.43999999999999995","0.43999999999999995","0","False","300","Experity",""
"2025-10-02","aswinkulath93","copilot","copilot_premium_request","Claude Sonnet 4.5","7","requests","0.04","0.28","0.28","0","False","300","Experity",""
"2025-10-02","kjm0001","copilot","copilot_premium_request","Claude Sonnet 4.5","22","requests","0.04","0.8800000000000002","0.8800000000000002","0","False","300","Experity",""
"2025-10-02","bstock21","copilot","copilot_premium_request","Code Review model","1","requests","0.04","0.04","0.04","0","False","300","onepackius",""
"2025-10-02","bwhiteOP","copilot","copilot_premium_request","Code Review model","2","requests","0.04","0.08","0.08","0","False","300","onepackius",""
"2025-10-02","zacharypollard","copilot","copilot_premium_request","Code Review model","1","requests","0.04","0.04","0.04","0","False","300","Experity",""
"2025-10-02","RafaelDreschEncora","copilot","copilot_premium_request","Code Review model","2","requests","0.04","0.08","0.08","0","False","300","Experity",""
"2025-10-02","bkent412","copilot","copilot_premium_request","Code Review model","2","requests","0.04","0.08","0.08","0","False","300","Experity",""
"2025-10-02","sseely-experity","copilot","copilot_premium_request","Code Review model","1","requests","0.04","0.04","0.04","0","False","300","Experity",""
"2025-10-02","Ayushojha1110","copilot","copilot_premium_request","Code Review model","1","requests","0.04","0.04","0.04","0","False","300","Experity",""
"2025-10-02","tyescalante","copilot","copilot_premium_request","Code Review model","2","requests","0.04","0.08","0.08","0","False","300","Experity",""
"2025-10-02","kvalani","copilot","copilot_premium_request","Code Review model","2","requests","0.04","0.08","0.08","0","False","300","Experity",""
"2025-10-02","tleibovich","copilot","copilot_premium_request","Code Review model","1","requests","0.04","0.04","0.04","0","False","300","Experity",""
"2025-10-02","Jespinozah","copilot","copilot_premium_request","Code Review model","1","requests","0.04","0.04","0.04","0","False","300","onepackius",""
"2025-10-02","hanischandrew","copilot","copilot_premium_request","Code Review model","1","requests","0.04","0.04","0.04","0","False","300","Experity",""
"2025-10-02","NorJull","copilot","copilot_premium_request","Code Review model","1","requests","0.04","0.04","0.04","0","False","300","onepackius",""
"2025-10-02","twilson-eh","copilot","copilot_premium_request","Code Review model","5","requests","0.04","0.2","0.2","0","False","300","Experity",""
"2025-10-02","leima2010","copilot","copilot_premium_request","Code Review model","4","requests","0.04","0.16","0.16","0","False","300","onepackius",""
"2025-10-02","xprtyg33k","copilot","copilot_premium_request","GPT-5","1","requests","0.04","0.04","0.04","0","False","300","Experity",""
"2025-10-03","bstock21","copilot","copilot_premium_request","Claude Sonnet 4","18","requests","0.04","0.7200000000000001","0.7200000000000001","0","False","300","onepackius",""
"2025-10-03","NorJull","copilot","copilot_premium_request","Claude Sonnet 4","6","requests","0.04","0.24000000000000002","0.24000000000000002","0","False","300","onepackius",""
"2025-10-03","bwhiteOP","copilot","copilot_premium_request","Claude Sonnet 4","9","requests","0.04","0.36","0.36","0","False","300","onepackius",""
"2025-10-03","sodakdoogie1969","copilot","copilot_premium_request","Claude Sonnet 4","9","requests","0.04","0.36","0.36","0","False","300","Experity",""
"2025-10-03","nkaur24","copilot","copilot_premium_request","Claude Sonnet 4","19","requests","0.04","0.7600000000000001","0.7600000000000001","0","False","300","Experity",""
"2025-10-03","aswinkulath93","copilot","copilot_premium_request","Claude Sonnet 4","17","requests","0.04","0.68","0.68","0","False","300","Experity",""
"2025-10-03","tcrane20","copilot","copilot_premium_request","Claude Sonnet 4","6","requests","0.04","0.24000000000000002","0.24000000000000002","0","False","300","Experity",""
"2025-10-03","zacharypollard","copilot","copilot_premium_request","Claude Sonnet 4","1","requests","0.04","0.04","0.04","0","False","300","Experity",""
"2025-10-03","Ayushojha1110","copilot","copilot_premium_request","Claude Sonnet 4","3","requests","0.04","0.12","0.12","0","False","300","Experity",""
"2025-10-03","iblatter-experity","copilot","copilot_premium_request","Claude Sonnet 4","20","requests","0.04","0.8000000000000002","0.8000000000000002","0","False","300","Experity",""
"2025-10-03","singadi","copilot","copilot_premium_request","Claude Sonnet 4","43","requests","0.04","1.7200000000000009","1.7200000000000009","0","False","300","Experity",""
"2025-10-03","mikepedz","copilot","copilot_premium_request","Claude Sonnet 4","17","requests","0.04","0.68","0.68","0","False","300","Experity",""
"2025-10-03","aswinkulath93","copilot","copilot_premium_request","Claude Sonnet 4.5","7","requests","0.04","0.28","0.28","0","False","300","Experity",""
"2025-10-03","tyescalante","copilot","copilot_premium_request","Code Review model","1","requests","0.04","0.04","0.04","0","False","300","Experity",""
"2025-10-03","iblatter-experity","copilot","copilot_premium_request","Code Review model","2","requests","0.04","0.08","0.08","0","False","300","Experity",""
"2025-10-03","Alex1953s","copilot","copilot_premium_request","Code Review model","1","requests","0.04","0.04","0.04","0","False","300","Experity",""
"2025-10-03","BrandonOrtuno","copilot","copilot_premium_request","Code Review model","1","requests","0.04","0.04","0.04","0","False","300","Experity",""
"2025-10-03","leima2010","copilot","copilot_premium_request","Code Review model","2","requests","0.04","0.08","0.08","0","False","300","onepackius",""
"2025-10-03","bwhiteOP","copilot","copilot_premium_request","Code Review model","2","requests","0.04","0.08","0.08","0","False","300","onepackius",""
"2025-10-04","Levoni","copilot","copilot_premium_request","Claude Sonnet 4","1","requests","0.04","0.04","0.04","0","False","300","Experity",""
"2025-10-04","kjm0001","copilot","copilot_premium_request","Claude Sonnet 4.5","3","requests","0.04","0.12","0.12","0","False","300","Experity",""
"2025-10-05","iblatter-experity","copilot","copilot_premium_request","Claude Sonnet 4","2","requests","0.04","0.08","0.08","0","False","300","Experity",""
"2025-10-05","singadi","copilot","copilot_premium_request","Claude Sonnet 4","11","requests","0.04","0.43999999999999995","0.43999999999999995","0","False","300","Experity",""
"2025-10-05","singadi","copilot","copilot_premium_request","o3-mini","0.33","requests","0.04","0.0132","0.0132","0","False","300","Experity",""
"2025-10-06","RafaelDreschEncora","copilot","copilot_premium_request","Claude Sonnet 3.5","2","requests","0.04","0.08","0.08","0","False","300","Experity",""
"2025-10-06","Ayushojha1110","copilot","copilot_premium_request","Claude Sonnet 4","4","requests","0.04","0.16","0.16","0","False","300","Experity",""
"2025-10-06","tyescalante","copilot","copilot_premium_request","Claude Sonnet 4","5","requests","0.04","0.2","0.2","0","False","300","Experity",""
"2025-10-06","bstock21","copilot","copilot_premium_request","Claude Sonnet 4","13","requests","0.04","0.5199999999999999","0.5199999999999999","0","False","300","onepackius",""
"2025-10-06","rgiordano66","copilot","copilot_premium_request","Claude Sonnet 4","3","requests","0.04","0.12","0.12","0","False","300","Experity",""
"2025-10-06","iblatter-experity","copilot","copilot_premium_request","Claude Sonnet 4","1","requests","0.04","0.04","0.04","0","False","300","Experity",""
"2025-10-06","tcrane20","copilot","copilot_premium_request","Claude Sonnet 4","2","requests","0.04","0.08","0.08","0","False","300","Experity",""
"2025-10-06","BrandonOrtuno","copilot","copilot_premium_request","Claude Sonnet 4","14","requests","0.04","0.5599999999999999","0.5599999999999999","0","False","300","Experity",""
"2025-10-06","bwhiteOP","copilot","copilot_premium_request","Claude Sonnet 4","7","requests","0.04","0.28","0.28","0","False","300","onepackius",""
"2025-10-06","zacharypollard","copilot","copilot_premium_request","Claude Sonnet 4","5","requests","0.04","0.2","0.2","0","False","300","Experity",""
"2025-10-06","sodakdoogie1969","copilot","copilot_premium_request","Claude Sonnet 4","5","requests","0.04","0.2","0.2","0","False","300","Experity",""
"2025-10-06","narouz-makar","copilot","copilot_premium_request","Claude Sonnet 4","2","requests","0.04","0.08","0.08","0","False","300","Experity",""
"2025-10-06","mikepedz","copilot","copilot_premium_request","Claude Sonnet 4","52","requests","0.04","2.080000000000001","2.080000000000001","0","False","300","Experity",""
"2025-10-06","sam-harris-experity","copilot","copilot_premium_request","Claude Sonnet 4","7","requests","0.04","0.28","0.28","0","False","300","Experity",""
"2025-10-06","jchechowitz","copilot","copilot_premium_request","Claude Sonnet 4","9","requests","0.04","0.36","0.36","0","False","300","Experity",""
"2025-10-06","aswinkulath93","copilot","copilot_premium_request","Claude Sonnet 4","4","requests","0.04","0.16","0.16","0","False","300","Experity",""
"2025-10-06","kennytran95","copilot","copilot_premium_request","Claude Sonnet 4","8","requests","0.04","0.32","0.32","0","False","300","Experity",""
"2025-10-06","bkent412","copilot","copilot_premium_request","Claude Sonnet 4","2","requests","0.04","0.08","0.08","0","False","300","Experity",""
"2025-10-06","twilson-eh","copilot","copilot_premium_request","Claude Sonnet 4","12","requests","0.04","0.4799999999999999","0.4799999999999999","0","False","300","Experity",""
"2025-10-06","kjm0001","copilot","copilot_premium_request","Claude Sonnet 4.5","8","requests","0.04","0.32","0.32","0","False","300","Experity",""
"2025-10-06","tyescalante","copilot","copilot_premium_request","Code Review model","1","requests","0.04","0.04","0.04","0","False","300","Experity",""
"2025-10-06","Ayushojha1110","copilot","copilot_premium_request","Code Review model","3","requests","0.04","0.12","0.12","0","False","300","Experity",""
"2025-10-06","bkent412","copilot","copilot_premium_request","Code Review model","1","requests","0.04","0.04","0.04","0","False","300","Experity",""
"2025-10-06","twilson-eh","copilot","copilot_premium_request","Code Review model","2","requests","0.04","0.08","0.08","0","False","300","Experity",""
"2025-10-06","NorJull","copilot","copilot_premium_request","Code Review model","1","requests","0.04","0.04","0.04","0","False","300","onepackius",""
"2025-10-06","RafaelDreschEncora","copilot","copilot_premium_request","Code Review model","2","requests","0.04","0.08","0.08","0","False","300","Experity",""
"2025-10-06","sam-harris-experity","copilot","copilot_premium_request","Code Review model","1","requests","0.04","0.04","0.04","0","False","300","Experity",""
"2025-10-06","xprtyg33k","copilot","copilot_premium_request","GPT-5","1","requests","0.04","0.04","0.04","0","False","300","Experity",""
"2025-10-07","Ayushojha1110","copilot","copilot_premium_request","Claude Sonnet 3.5","4","requests","0.04","0.16","0.16","0","False","300","Experity",""
"2025-10-07","RafaelDreschEncora","copilot","copilot_premium_request","Claude Sonnet 3.5","1","requests","0.04","0.04","0.04","0","False","300","Experity",""
"2025-10-07","kennytran95","copilot","copilot_premium_request","Claude Sonnet 4","2","requests","0.04","0.08","0.08","0","False","300","Experity",""
"2025-10-07","twilson-eh","copilot","copilot_premium_request","Claude Sonnet 4","9","requests","0.04","0.36","0.36","0","False","300","Experity",""
"2025-10-07","bwhiteOP","copilot","copilot_premium_request","Claude Sonnet 4","3","requests","0.04","0.12","0.12","0","False","300","onepackius",""
"2025-10-07","zacharypollard","copilot","copilot_premium_request","Claude Sonnet 4","2","requests","0.04","0.08","0.08","0","False","300","Experity",""
"2025-10-07","nkaur24","copilot","copilot_premium_request","Claude Sonnet 4","47","requests","0.04","1.880000000000001","1.880000000000001","0","False","300","Experity",""
"2025-10-07","mikepedz","copilot","copilot_premium_request","Claude Sonnet 4","34","requests","0.04","1.3600000000000005","1.3600000000000005","0","False","300","Experity",""
"2025-10-07","sam-harris-experity","copilot","copilot_premium_request","Claude Sonnet 4","1","requests","0.04","0.04","0.04","0","False","300","Experity",""
"2025-10-07","rgiordano66","copilot","copilot_premium_request","Claude Sonnet 4","1","requests","0.04","0.04","0.04","0","False","300","Experity",""
"2025-10-07","ithank","copilot","copilot_premium_request","Claude Sonnet 4","6","requests","0.04","0.24000000000000002","0.24000000000000002","0","False","300","Experity",""
"2025-10-07","bkent412","copilot","copilot_premium_request","Claude Sonnet 4","11","requests","0.04","0.43999999999999995","0.43999999999999995","0","False","300","Experity",""
"2025-10-07","bstock21","copilot","copilot_premium_request","Claude Sonnet 4","3","requests","0.04","0.12","0.12","0","False","300","onepackius",""
"2025-10-07","sodakdoogie1969","copilot","copilot_premium_request","Claude Sonnet 4","30","requests","0.04","1.2000000000000004","1.2000000000000004","0","False","300","Experity",""
"2025-10-07","tcrane20","copilot","copilot_premium_request","Claude Sonnet 4","3","requests","0.04","0.12","0.12","0","False","300","Experity",""
"2025-10-07","BrandonOrtuno","copilot","copilot_premium_request","Claude Sonnet 4","7","requests","0.04","0.28","0.28","0","False","300","Experity",""
"2025-10-07","aswinkulath93","copilot","copilot_premium_request","Claude Sonnet 4","36","requests","0.04","1.4400000000000006","1.4400000000000006","0","False","300","Experity",""
"2025-10-07","kjm0001","copilot","copilot_premium_request","Claude Sonnet 4.5","13","requests","0.04","0.5199999999999999","0.5199999999999999","0","False","300","Experity",""
"2025-10-07","RafaelDreschEncora","copilot","copilot_premium_request","Claude Sonnet 4.5","4","requests","0.04","0.16","0.16","0","False","300","Experity",""
"2025-10-07","sharathGoudHanu","copilot","copilot_premium_request","Code Review model","1","requests","0.04","0.04","0.04","0","False","300","Experity",""
"2025-10-07","kennytran95","copilot","copilot_premium_request","Code Review model","1","requests","0.04","0.04","0.04","0","False","300","Experity",""
"2025-10-07","bstock21","copilot","copilot_premium_request","Code Review model","1","requests","0.04","0.04","0.04","0","False","300","onepackius",""
"2025-10-07","BrandonOrtuno","copilot","copilot_premium_request","Code Review model","1","requests","0.04","0.04","0.04","0","False","300","Experity",""
"2025-10-07","twilson-eh","copilot","copilot_premium_request","Code Review model","2","requests","0.04","0.08","0.08","0","False","300","Experity",""
"2025-10-07","leima2010","copilot","copilot_premium_request","Code Review model","2","requests","0.04","0.08","0.08","0","False","300","onepackius",""
"2025-10-07","RafaelDreschEncora","copilot","copilot_premium_request","Code Review model","2","requests","0.04","0.08","0.08","0","False","300","Experity",""
"2025-10-07","bkent412","copilot","copilot_premium_request","Code Review model","1","requests","0.04","0.04","0.04","0","False","300","Experity",""
"2025-10-07","narouz-makar","copilot","copilot_premium_request","Code Review model","1","requests","0.04","0.04","0.04","0","False","300","Experity",""
"2025-10-07","tleibovich","copilot","copilot_premium_request","Code Review model","1","requests","0.04","0.04","0.04","0","False","300","Experity",""
"2025-10-07","sseely-experity","copilot","copilot_premium_request","Code Review model","1","requests","0.04","0.04","0.04","0","False","300","Experity",""
"2025-10-08","Ayushojha1110","copilot","copilot_premium_request","Claude Sonnet 3.5","6","requests","0.04","0.24000000000000002","0.24000000000000002","0","False","300","Experity",""
"2025-10-08","tyescalante","copilot","copilot_premium_request","Claude Sonnet 4","3","requests","0.04","0.12","0.12","0","False","300","Experity",""
"2025-10-08","Ayushojha1110","copilot","copilot_premium_request","Claude Sonnet 4","5","requests","0.04","0.2","0.2","0","False","300","Experity",""
"2025-10-08","mikepedz","copilot","copilot_premium_request","Claude Sonnet 4","12","requests","0.04","0.4799999999999999","0.4799999999999999","0","False","300","Experity",""
"2025-10-08","aswinkulath93","copilot","copilot_premium_request","Claude Sonnet 4","26","requests","0.04","1.0400000000000003","1.0400000000000003","0","False","300","Experity",""
"2025-10-08","bkent412","copilot","copilot_premium_request","Claude Sonnet 4","12","requests","0.04","0.4799999999999999","0.4799999999999999","0","False","300","Experity",""
"2025-10-08","twilson-eh","copilot","copilot_premium_request","Claude Sonnet 4","16","requests","0.04","0.64","0.64","0","False","300","Experity",""
"2025-10-08","sodakdoogie1969","copilot","copilot_premium_request","Claude Sonnet 4","21","requests","0.04","0.8400000000000002","0.8400000000000002","0","False","300","Experity",""
"2025-10-08","bstock21","copilot","copilot_premium_request","Claude Sonnet 4","5","requests","0.04","0.2","0.2","0","False","300","onepackius",""
"2025-10-08","JoshMalan1","copilot","copilot_premium_request","Claude Sonnet 4","3","requests","0.04","0.12","0.12","0","False","300","Experity",""
"2025-10-08","ithank","copilot","copilot_premium_request","Claude Sonnet 4","1","requests","0.04","0.04","0.04","0","False","300","Experity",""
"2025-10-08","jchechowitz","copilot","copilot_premium_request","Claude Sonnet 4","3","requests","0.04","0.12","0.12","0","False","300","Experity",""
"2025-10-08","nkaur24","copilot","copilot_premium_request","Claude Sonnet 4","30","requests","0.04","1.2000000000000004","1.2000000000000004","0","False","300","Experity",""
"2025-10-08","kennytran95","copilot","copilot_premium_request","Claude Sonnet 4","1","requests","0.04","0.04","0.04","0","False","300","Experity",""
"2025-10-08","tcrane20","copilot","copilot_premium_request","Claude Sonnet 4","6","requests","0.04","0.24000000000000002","0.24000000000000002","0","False","300","Experity",""
"2025-10-08","jmunsch","copilot","copilot_premium_request","Claude Sonnet 4.5","4","requests","0.04","0.16","0.16","0","False","300","Experity",""
"2025-10-08","RafaelDreschEncora","copilot","copilot_premium_request","Claude Sonnet 4.5","3","requests","0.04","0.12","0.12","0","False","300","Experity",""
"2025-10-08","NorJull","copilot","copilot_premium_request","Code Review model","1","requests","0.04","0.04","0.04","0","False","300","onepackius",""
"2025-10-08","bwhiteOP","copilot","copilot_premium_request","Code Review model","1","requests","0.04","0.04","0.04","0","False","300","onepackius",""
"2025-10-08","BrandonOrtuno","copilot","copilot_premium_request","Code Review model","1","requests","0.04","0.04","0.04","0","False","300","Experity",""
"2025-10-08","bkent412","copilot","copilot_premium_request","Code Review model","2","requests","0.04","0.08","0.08","0","False","300","Experity",""
"2025-10-08","kennytran95","copilot","copilot_premium_request","Code Review model","1","requests","0.04","0.04","0.04","0","False","300","Experity",""
"2025-10-08","bstock21","copilot","copilot_premium_request","Code Review model","1","requests","0.04","0.04","0.04","0","False","300","onepackius",""
"2025-10-08","twilson-eh","copilot","copilot_premium_request","Code Review model","1","requests","0.04","0.04","0.04","0","False","300","Experity",""
"2025-10-08","RafaelDreschEncora","copilot","copilot_premium_request","Code Review model","3","requests","0.04","0.12","0.12","0","False","300","Experity",""
"2025-10-08","xprtyg33k","copilot","copilot_premium_request","GPT-5","1","requests","0.04","0.04","0.04","0","False","300","Experity",""
"2025-10-09","Ayushojha1110","copilot","copilot_premium_request","Claude Sonnet 3.5","2","requests","0.04","0.08","0.08","0","False","300","Experity",""
"2025-10-09","tyescalante","copilot","copilot_premium_request","Claude Sonnet 4","9","requests","0.04","0.36","0.36","0","False","300","Experity",""
"2025-10-09","nkaur24","copilot","copilot_premium_request","Claude Sonnet 4","4","requests","0.04","0.16","0.16","0","False","300","Experity",""
"2025-10-09","BrandonOrtuno","copilot","copilot_premium_request","Claude Sonnet 4","3","requests","0.04","0.12","0.12","0","False","300","Experity",""
"2025-10-09","mikepedz","copilot","copilot_premium_request","Claude Sonnet 4","22","requests","0.04","0.8800000000000002","0.8800000000000002","0","False","300","Experity",""
"2025-10-09","dkarl","copilot","copilot_premium_request","Claude Sonnet 4","2","requests","0.04","0.08","0.08","0","False","300","Experity",""
"2025-10-09","JoshMalan1","copilot","copilot_premium_request","Claude Sonnet 4","2","requests","0.04","0.08","0.08","0","False","300","Experity",""
"2025-10-09","sodakdoogie1969","copilot","copilot_premium_request","Claude Sonnet 4","23","requests","0.04","0.9200000000000003","0.9200000000000003","0","False","300","Experity",""
"2025-10-09","tcrane20","copilot","copilot_premium_request","Claude Sonnet 4","3","requests","0.04","0.12","0.12","0","False","300","Experity",""
"2025-10-09","Ayushojha1110","copilot","copilot_premium_request","Claude Sonnet 4","4","requests","0.04","0.16","0.16","0","False","300","Experity",""
"2025-10-09","Levoni","copilot","copilot_premium_request","Claude Sonnet 4","7","requests","0.04","0.28","0.28","0","False","300","Experity",""
"2025-10-09","NorJull","copilot","copilot_premium_request","Claude Sonnet 4","3","requests","0.04","0.12","0.12","0","False","300","onepackius",""
"2025-10-09","aswinkulath93","copilot","copilot_premium_request","Claude Sonnet 4","4","requests","0.04","0.16","0.16","0","False","300","Experity",""
"2025-10-09","zacharypollard","copilot","copilot_premium_request","Claude Sonnet 4","27","requests","0.04","1.0800000000000003","1.0800000000000003","0","False","300","Experity",""
"2025-10-09","kennytran95","copilot","copilot_premium_request","Claude Sonnet 4","2","requests","0.04","0.08","0.08","0","False","300","Experity",""
"2025-10-09","bstock21","copilot","copilot_premium_request","Claude Sonnet 4","11","requests","0.04","0.43999999999999995","0.43999999999999995","0","False","300","onepackius",""
"2025-10-09","twilson-eh","copilot","copilot_premium_request","Claude Sonnet 4","20","requests","0.04","0.8000000000000002","0.8000000000000002","0","False","300","Experity",""
"2025-10-09","ithank","copilot","copilot_premium_request","Claude Sonnet 4","2","requests","0.04","0.08","0.08","0","False","300","Experity",""
"2025-10-09","dkarl","copilot","copilot_premium_request","Claude Sonnet 4.5","1","requests","0.04","0.04","0.04","0","False","300","Experity",""
"2025-10-09","RafaelDreschEncora","copilot","copilot_premium_request","Claude Sonnet 4.5","1","requests","0.04","0.04","0.04","0","False","300","Experity",""
"2025-10-09","kjm0001","copilot","copilot_premium_request","Claude Sonnet 4.5","40","requests","0.04","1.6000000000000008","1.6000000000000008","0","False","300","Experity",""
"2025-10-09","nkaur24","copilot","copilot_premium_request","Claude Sonnet 4.5","5","requests","0.04","0.2","0.2","0","False","300","Experity",""
"2025-10-09","sseely-experity","copilot","copilot_premium_request","Claude Sonnet 4.5","2","requests","0.04","0.08","0.08","0","False","300","Experity",""
"2025-10-09","jmunsch","copilot","copilot_premium_request","Claude Sonnet 4.5","1","requests","0.04","0.04","0.04","0","False","300","Experity",""
"2025-10-09","tleibovich","copilot","copilot_premium_request","Code Review model","2","requests","0.04","0.08","0.08","0","False","300","Experity",""
"2025-10-09","leima2010","copilot","copilot_premium_request","Code Review model","1","requests","0.04","0.04","0.04","0","False","300","onepackius",""
"2025-10-09","sodakdoogie1969","copilot","copilot_premium_request","Code Review model","1","requests","0.04","0.04","0.04","0","False","300","Experity",""
"2025-10-09","kvalani","copilot","copilot_premium_request","Code Review model","1","requests","0.04","0.04","0.04","0","False","300","Experity",""
"2025-10-09","RafaelDreschEncora","copilot","copilot_premium_request","Code Review model","2","requests","0.04","0.08","0.08","0","False","300","Experity",""
"2025-10-09","sseely-experity","copilot","copilot_premium_request","Code Review model","1","requests","0.04","0.04","0.04","0","False","300","Experity",""
"2025-10-09","twilson-eh","copilot","copilot_premium_request","GPT-5","41","requests","0.04","1.6400000000000008","1.6400000000000008","0","False","300","Experity",""
"2025-10-09","jmunsch","copilot","copilot_premium_request","GPT-5","8","requests","0.04","0.32","0.32","0","False","300","Experity",""
"2025-10-09","twilson-eh","copilot","copilot_premium_request","Gemini 2.5 Pro","3","requests","0.04","0.12","0.12","0","False","300","Experity",""
"2025-10-10","jfeathers13","copilot","copilot_premium_request","Claude Sonnet 3.5","2","requests","0.04","0.08","0.08","0","False","300","Experity",""
"2025-10-10","twilson-eh","copilot","copilot_premium_request","Claude Sonnet 4","10","requests","0.04","0.39999999999999997","0.39999999999999997","0","False","300","Experity",""
"2025-10-10","zacharypollard","copilot","copilot_premium_request","Claude Sonnet 4","1","requests","0.04","0.04","0.04","0","False","300","Experity",""
"2025-10-10","aswinkulath93","copilot","copilot_premium_request","Claude Sonnet 4","20","requests","0.04","0.8000000000000002","0.8000000000000002","0","False","300","Experity",""
"2025-10-10","kennytran95","copilot","copilot_premium_request","Claude Sonnet 4","5","requests","0.04","0.2","0.2","0","False","300","Experity",""
"2025-10-10","tcrane20","copilot","copilot_premium_request","Claude Sonnet 4","4","requests","0.04","0.16","0.16","0","False","300","Experity",""
"2025-10-10","mikepedz","copilot","copilot_premium_request","Claude Sonnet 4","6","requests","0.04","0.24000000000000002","0.24000000000000002","0","False","300","Experity",""
"2025-10-10","NorJull","copilot","copilot_premium_request","Claude Sonnet 4","4","requests","0.04","0.16","0.16","0","False","300","onepackius",""
"2025-10-10","jchechowitz","copilot","copilot_premium_request","Claude Sonnet 4","8","requests","0.04","0.32","0.32","0","False","300","Experity",""
"2025-10-10","BrandonOrtuno","copilot","copilot_premium_request","Claude Sonnet 4","3","requests","0.04","0.12","0.12","0","False","300","Experity",""
"2025-10-10","sodakdoogie1969","copilot","copilot_premium_request","Claude Sonnet 4","12","requests","0.04","0.4799999999999999","0.4799999999999999","0","False","300","Experity",""
"2025-10-10","bkent412","copilot","copilot_premium_request","Claude Sonnet 4","4","requests","0.04","0.16","0.16","0","False","300","Experity",""
"2025-10-10","Ayushojha1110","copilot","copilot_premium_request","Claude Sonnet 4","12","requests","0.04","0.4799999999999999","0.4799999999999999","0","False","300","Experity",""
"2025-10-10","tyescalante","copilot","copilot_premium_request","Claude Sonnet 4","1","requests","0.04","0.04","0.04","0","False","300","Experity",""
"2025-10-10","bstock21","copilot","copilot_premium_request","Claude Sonnet 4","6","requests","0.04","0.24000000000000002","0.24000000000000002","0","False","300","onepackius",""
"2025-10-10","PhreighnQ","copilot","copilot_premium_request","Claude Sonnet 4","1","requests","0.04","0.04","0.04","0","False","300","Experity",""
"2025-10-10","Levoni","copilot","copilot_premium_request","Claude Sonnet 4","4","requests","0.04","0.16","0.16","0","False","300","Experity",""
"2025-10-10","RafaelDreschEncora","copilot","copilot_premium_request","Claude Sonnet 4.5","4","requests","0.04","0.16","0.16","0","False","300","Experity",""
"2025-10-10","sseely-experity","copilot","copilot_premium_request","Claude Sonnet 4.5","1","requests","0.04","0.04","0.04","0","False","300","Experity",""
"2025-10-10","Levoni","copilot","copilot_premium_request","Claude Sonnet 4.5","5","requests","0.04","0.2","0.2","0","False","300","Experity",""
"2025-10-10","rgiordano66","copilot","copilot_premium_request","Claude Sonnet 4.5","5","requests","0.04","0.2","0.2","0","False","300","Experity",""
"2025-10-10","BrandonOrtuno","copilot","copilot_premium_request","Code Review model","2","requests","0.04","0.08","0.08","0","False","300","Experity",""
"2025-10-10","sseely-experity","copilot","copilot_premium_request","Code Review model","1","requests","0.04","0.04","0.04","0","False","300","Experity",""
"2025-10-10","tleibovich","copilot","copilot_premium_request","Code Review model","1","requests","0.04","0.04","0.04","0","False","300","Experity",""
"2025-10-10","Ayushojha1110","copilot","copilot_premium_request","Code Review model","2","requests","0.04","0.08","0.08","0","False","300","Experity",""
"2025-10-10","kvalani","copilot","copilot_premium_request","Code Review model","1","requests","0.04","0.04","0.04","0","False","300","Experity",""
"2025-10-10","twilson-eh","copilot","copilot_premium_request","Code Review model","1","requests","0.04","0.04","0.04","0","False","300","Experity",""
"2025-10-10","RafaelDreschEncora","copilot","copilot_premium_request","GPT-5","2","requests","0.04","0.08","0.08","0","False","300","Experity",""
"2025-10-11","rgiordano66","copilot","copilot_premium_request","Claude Sonnet 4.5","3","requests","0.04","0.12","0.12","0","False","300","Experity",""
"2025-10-13","narouz-makar","copilot","copilot_premium_request","Claude Sonnet 3.7","1","requests","0.04","0.04","0.04","0","False","300","Experity",""
"2025-10-13","mikepedz","copilot","copilot_premium_request","Claude Sonnet 4","13","requests","0.04","0.5199999999999999","0.5199999999999999","0","False","300","Experity",""
"2025-10-13","jchechowitz","copilot","copilot_premium_request","Claude Sonnet 4","1","requests","0.04","0.04","0.04","0","False","300","Experity",""
"2025-10-13","PhreighnQ","copilot","copilot_premium_request","Claude Sonnet 4","3","requests","0.04","0.12","0.12","0","False","300","Experity",""
"2025-10-13","bstock21","copilot","copilot_premium_request","Claude Sonnet 4","17","requests","0.04","0.68","0.68","0","False","300","onepackius",""
"2025-10-13","aswinkulath93","copilot","copilot_premium_request","Claude Sonnet 4","58","requests","0.04","2.320000000000001","2.320000000000001","0","False","300","Experity",""
"2025-10-13","tcrane20","copilot","copilot_premium_request","Claude Sonnet 4","1","requests","0.04","0.04","0.04","0","False","300","Experity",""
"2025-10-13","tyescalante","copilot","copilot_premium_request","Claude Sonnet 4","1","requests","0.04","0.04","0.04","0","False","300","Experity",""
"2025-10-13","sodakdoogie1969","copilot","copilot_premium_request","Claude Sonnet 4","10","requests","0.04","0.39999999999999997","0.39999999999999997","0","False","300","Experity",""
"2025-10-13","bkent412","copilot","copilot_premium_request","Claude Sonnet 4","1","requests","0.04","0.04","0.04","0","False","300","Experity",""
"2025-10-13","jfeathers13","copilot","copilot_premium_request","Claude Sonnet 4","2","requests","0.04","0.08","0.08","0","False","300","Experity",""
"2025-10-13","twilson-eh","copilot","copilot_premium_request","Claude Sonnet 4","1","requests","0.04","0.04","0.04","0","False","300","Experity",""
"2025-10-13","PhreighnQ","copilot","copilot_premium_request","Claude Sonnet 4.5","2","requests","0.04","0.08","0.08","0","False","300","Experity",""
"2025-10-13","nkaur24","copilot","copilot_premium_request","Claude Sonnet 4.5","5","requests","0.04","0.2","0.2","0","False","300","Experity",""
"2025-10-13","kjm0001","copilot","copilot_premium_request","Claude Sonnet 4.5","25","requests","0.04","1.0000000000000002","1.0000000000000002","0","False","300","Experity",""
"2025-10-13","jfeathers13","copilot","copilot_premium_request","Claude Sonnet 4.5","34","requests","0.04","1.3600000000000005","1.3600000000000005","0","False","300","Experity",""
"2025-10-13","JoshMalan1","copilot","copilot_premium_request","Claude Sonnet 4.5","1","requests","0.04","0.04","0.04","0","False","300","Experity",""
"2025-10-13","sseely-experity","copilot","copilot_premium_request","Code Review model","1","requests","0.04","0.04","0.04","0","False","300","Experity",""
"2025-10-13","aswinkulath93","copilot","copilot_premium_request","Code Review model","1","requests","0.04","0.04","0.04","0","False","300","Experity",""
"2025-10-13","tleibovich","copilot","copilot_premium_request","Code Review model","1","requests","0.04","0.04","0.04","0","False","300","Experity",""
"2025-10-14","tyescalante","copilot","copilot_premium_request","Claude Sonnet 4","1","requests","0.04","0.04","0.04","0","False","300","Experity",""
"2025-10-14","tcrane20","copilot","copilot_premium_request","Claude Sonnet 4","7","requests","0.04","0.28","0.28","0","False","300","Experity",""
"2025-10-14","zacharypollard","copilot","copilot_premium_request","Claude Sonnet 4","1","requests","0.04","0.04","0.04","0","False","300","Experity",""
"2025-10-14","jfeathers13","copilot","copilot_premium_request","Claude Sonnet 4","9","requests","0.04","0.36","0.36","0","False","300","Experity",""
"2025-10-14","Ayushojha1110","copilot","copilot_premium_request","Claude Sonnet 4","11","requests","0.04","0.43999999999999995","0.43999999999999995","0","False","300","Experity",""
"2025-10-14","bkent412","copilot","copilot_premium_request","Claude Sonnet 4","10","requests","0.04","0.39999999999999997","0.39999999999999997","0","False","300","Experity",""
"2025-10-14","vinicius-davila-experity","copilot","copilot_premium_request","Claude Sonnet 4","3","requests","0.04","0.12","0.12","0","False","300","Experity",""
"2025-10-14","angus65","copilot","copilot_premium_request","Claude Sonnet 4","12","requests","0.04","0.4799999999999999","0.4799999999999999","0","False","300","Experity",""
"2025-10-14","ithank","copilot","copilot_premium_request","Claude Sonnet 4","2","requests","0.04","0.08","0.08","0","False","300","Experity",""
"2025-10-14","jchechowitz","copilot","copilot_premium_request","Claude Sonnet 4","2","requests","0.04","0.08","0.08","0","False","300","Experity",""
"2025-10-14","twilson-eh","copilot","copilot_premium_request","Claude Sonnet 4","6","requests","0.04","0.24000000000000002","0.24000000000000002","0","False","300","Experity",""
"2025-10-14","kennytran95","copilot","copilot_premium_request","Claude Sonnet 4","3","requests","0.04","0.12","0.12","0","False","300","Experity",""
"2025-10-14","mikepedz","copilot","copilot_premium_request","Claude Sonnet 4","23","requests","0.04","0.9200000000000003","0.9200000000000003","0","False","300","Experity",""
"2025-10-14","sodakdoogie1969","copilot","copilot_premium_request","Claude Sonnet 4","24","requests","0.04","0.9600000000000003","0.9600000000000003","0","False","300","Experity",""
"2025-10-14","bstock21","copilot","copilot_premium_request","Claude Sonnet 4","12","requests","0.04","0.4799999999999999","0.4799999999999999","0","False","300","onepackius",""
"2025-10-14","Levoni","copilot","copilot_premium_request","Claude Sonnet 4","8","requests","0.04","0.32","0.32","0","False","300","Experity",""
"2025-10-14","aswinkulath93","copilot","copilot_premium_request","Claude Sonnet 4","18","requests","0.04","0.7200000000000001","0.7200000000000001","0","False","300","Experity",""
"2025-10-14","BrandonOrtuno","copilot","copilot_premium_request","Claude Sonnet 4","4","requests","0.04","0.16","0.16","0","False","300","Experity",""
"2025-10-14","cilantrosoftware","copilot","copilot_premium_request","Claude Sonnet 4","7","requests","0.04","0.28","0.28","0","False","300","Experity",""
"2025-10-14","PhreighnQ","copilot","copilot_premium_request","Claude Sonnet 4","2","requests","0.04","0.08","0.08","0","False","300","Experity",""
"2025-10-14","jfeathers13","copilot","copilot_premium_request","Claude Sonnet 4.5","10","requests","0.04","0.39999999999999997","0.39999999999999997","0","False","300","Experity",""
"2025-10-14","nkaur24","copilot","copilot_premium_request","Claude Sonnet 4.5","7","requests","0.04","0.28","0.28","0","False","300","Experity",""
"2025-10-14","kjm0001","copilot","copilot_premium_request","Claude Sonnet 4.5","38","requests","0.04","1.5200000000000007","1.5200000000000007","0","False","300","Experity",""
"2025-10-14","RafaelDreschEncora","copilot","copilot_premium_request","Claude Sonnet 4.5","15","requests","0.04","0.6","0.6","0","False","300","Experity",""
"2025-10-14","PhreighnQ","copilot","copilot_premium_request","Claude Sonnet 4.5","1","requests","0.04","0.04","0.04","0","False","300","Experity",""
"2025-10-14","iblatter-experity","copilot","copilot_premium_request","Claude Sonnet 4.5","2","requests","0.04","0.08","0.08","0","False","300","Experity",""
"2025-10-14","rgiordano66","copilot","copilot_premium_request","Code Review model","1","requests","0.04","0.04","0.04","0","False","300","Experity",""
"2025-10-14","Ayushojha1110","copilot","copilot_premium_request","Code Review model","1","requests","0.04","0.04","0.04","0","False","300","Experity",""
"2025-10-14","bwhiteOP","copilot","copilot_premium_request","Code Review model","2","requests","0.04","0.08","0.08","0","False","300","onepackius",""
"2025-10-14","sseely-experity","copilot","copilot_premium_request","Code Review model","1","requests","0.04","0.04","0.04","0","False","300","Experity",""
"2025-10-14","dkarl","copilot","copilot_premium_request","Code Review model","1","requests","0.04","0.04","0.04","0","False","300","Experity",""
"2025-10-14","ithank","copilot","copilot_premium_request","Code Review model","5","requests","0.04","0.2","0.2","0","False","300","Experity",""
"2025-10-14","leima2010","copilot","copilot_premium_request","Code Review model","2","requests","0.04","0.08","0.08","0","False","300","onepackius",""
"2025-10-14","aswinkulath93","copilot","copilot_premium_request","Code Review model","2","requests","0.04","0.08","0.08","0","False","300","Experity",""
"2025-10-14","bkent412","copilot","copilot_premium_request","Code Review model","1","requests","0.04","0.04","0.04","0","False","300","Experity",""
"2025-10-14","RafaelDreschEncora","copilot","copilot_premium_request","GPT-5","3","requests","0.04","0.12","0.12","0","False","300","Experity",""
"2025-10-15","RafaelDreschEncora","copilot","copilot_premium_request","Claude Sonnet 3.5","13","requests","0.04","0.5199999999999999","0.5199999999999999","0","False","300","Experity",""
"2025-10-15","aswinkulath93","copilot","copilot_premium_request","Claude Sonnet 4","14","requests","0.04","0.5599999999999999","0.5599999999999999","0","False","300","Experity",""
"2025-10-15","sodakdoogie1969","copilot","copilot_premium_request","Claude Sonnet 4","4","requests","0.04","0.16","0.16","0","False","300","Experity",""
"2025-10-15","Ayushojha1110","copilot","copilot_premium_request","Claude Sonnet 4","11","requests","0.04","0.43999999999999995","0.43999999999999995","0","False","300","Experity",""
"2025-10-15","kennytran95","copilot","copilot_premium_request","Claude Sonnet 4","1","requests","0.04","0.04","0.04","0","False","300","Experity",""
"2025-10-15","Levoni","copilot","copilot_premium_request","Claude Sonnet 4","5","requests","0.04","0.2","0.2","0","False","300","Experity",""
"2025-10-15","bstock21","copilot","copilot_premium_request","Claude Sonnet 4","16","requests","0.04","0.64","0.64","0","False","300","onepackius",""
"2025-10-15","mikepedz","copilot","copilot_premium_request","Claude Sonnet 4","70","requests","0.04","2.8000000000000016","2.8000000000000016","0","False","300","Experity",""
"2025-10-15","bkent412","copilot","copilot_premium_request","Claude Sonnet 4","23","requests","0.04","0.9200000000000003","0.9200000000000003","0","False","300","Experity",""
"2025-10-15","ithank","copilot","copilot_premium_request","Claude Sonnet 4","6","requests","0.04","0.24000000000000002","0.24000000000000002","0","False","300","Experity",""
"2025-10-15","zacharypollard","copilot","copilot_premium_request","Claude Sonnet 4","2","requests","0.04","0.08","0.08","0","False","300","Experity",""
"2025-10-15","PhreighnQ","copilot","copilot_premium_request","Claude Sonnet 4","7","requests","0.04","0.28","0.28","0","False","300","Experity",""
"2025-10-15","JoshMalan1","copilot","copilot_premium_request","Claude Sonnet 4","1","requests","0.04","0.04","0.04","0","False","300","Experity",""
"2025-10-15","tcrane20","copilot","copilot_premium_request","Claude Sonnet 4","4","requests","0.04","0.16","0.16","0","False","300","Experity",""
"2025-10-15","tyescalante","copilot","copilot_premium_request","Claude Sonnet 4","3","requests","0.04","0.12","0.12","0","False","300","Experity",""
"2025-10-15","jfeathers13","copilot","copilot_premium_request","Claude Sonnet 4","9","requests","0.04","0.36","0.36","0","False","300","Experity",""
"2025-10-15","BrandonOrtuno","copilot","copilot_premium_request","Claude Sonnet 4","6","requests","0.04","0.24000000000000002","0.24000000000000002","0","False","300","Experity",""
"2025-10-15","iblatter-experity","copilot","copilot_premium_request","Claude Sonnet 4.5","1","requests","0.04","0.04","0.04","0","False","300","Experity",""
"2025-10-15","PhreighnQ","copilot","copilot_premium_request","Claude Sonnet 4.5","8","requests","0.04","0.32","0.32","0","False","300","Experity",""
"2025-10-15","nkaur24","copilot","copilot_premium_request","Claude Sonnet 4.5","4","requests","0.04","0.16","0.16","0","False","300","Experity",""
"2025-10-15","kennytran95","copilot","copilot_premium_request","Code Review model","2","requests","0.04","0.08","0.08","0","False","300","Experity",""
"2025-10-15","BrandonOrtuno","copilot","copilot_premium_request","Code Review model","1","requests","0.04","0.04","0.04","0","False","300","Experity",""
"2025-10-15","Ayushojha1110","copilot","copilot_premium_request","Code Review model","1","requests","0.04","0.04","0.04","0","False","300","Experity",""
"2025-10-15","sodakdoogie1969","copilot","copilot_premium_request","Code Review model","1","requests","0.04","0.04","0.04","0","False","300","Experity",""
"2025-10-15","sseely-experity","copilot","copilot_premium_request","Code Review model","1","requests","0.04","0.04","0.04","0","False","300","Experity",""
"2025-10-15","ithank","copilot","copilot_premium_request","Code Review model","1","requests","0.04","0.04","0.04","0","False","300","Experity",""
"2025-10-15","RafaelDreschEncora","copilot","copilot_premium_request","GPT-5","5","requests","0.04","0.2","0.2","0","False","300","Experity",""
"2025-10-16","tcrane20","copilot","copilot_premium_request","Claude Sonnet 4","7","requests","0.04","0.28","0.28","0","False","300","Experity",""
"2025-10-16","Ayushojha1110","copilot","copilot_premium_request","Claude Sonnet 4","6","requests","0.04","0.24000000000000002","0.24000000000000002","0","False","300","Experity",""
"2025-10-16","nkaur24","copilot","copilot_premium_request","Claude Sonnet 4","19","requests","0.04","0.7600000000000001","0.7600000000000001","0","False","300","Experity",""
"2025-10-16","PhreighnQ","copilot","copilot_premium_request","Claude Sonnet 4","1","requests","0.04","0.04","0.04","0","False","300","Experity",""
"2025-10-16","sodakdoogie1969","copilot","copilot_premium_request","Claude Sonnet 4","2","requests","0.04","0.08","0.08","0","False","300","Experity",""
"2025-10-16","ithank","copilot","copilot_premium_request","Claude Sonnet 4","6","requests","0.04","0.24000000000000002","0.24000000000000002","0","False","300","Experity",""
"2025-10-16","bkent412","copilot","copilot_premium_request","Claude Sonnet 4","14","requests","0.04","0.5599999999999999","0.5599999999999999","0","False","300","Experity",""
"2025-10-16","BrandonOrtuno","copilot","copilot_premium_request","Claude Sonnet 4","8","requests","0.04","0.32","0.32","0","False","300","Experity",""
"2025-10-16","tyescalante","copilot","copilot_premium_request","Claude Sonnet 4","5","requests","0.04","0.2","0.2","0","False","300","Experity",""
"2025-10-16","mikepedz","copilot","copilot_premium_request","Claude Sonnet 4","15","requests","0.04","0.6","0.6","0","False","300","Experity",""
"2025-10-16","jfeathers13","copilot","copilot_premium_request","Claude Sonnet 4","3","requests","0.04","0.12","0.12","0","False","300","Experity",""
"2025-10-16","Jespinozah","copilot","copilot_premium_request","Claude Sonnet 4","1","requests","0.04","0.04","0.04","0","False","300","onepackius",""
"2025-10-16","kennytran95","copilot","copilot_premium_request","Claude Sonnet 4","1","requests","0.04","0.04","0.04","0","False","300","Experity",""
"2025-10-16","bstock21","copilot","copilot_premium_request","Claude Sonnet 4","15","requests","0.04","0.6","0.6","0","False","300","onepackius",""
"2025-10-16","angus65","copilot","copilot_premium_request","Claude Sonnet 4","26","requests","0.04","1.0400000000000003","1.0400000000000003","0","False","300","Experity",""
"2025-10-16","RafaelDreschEncora","copilot","copilot_premium_request","Claude Sonnet 4.5","12","requests","0.04","0.4799999999999999","0.4799999999999999","0","False","300","Experity",""
"2025-10-16","jfeathers13","copilot","copilot_premium_request","Claude Sonnet 4.5","1","requests","0.04","0.04","0.04","0","False","300","Experity",""
"2025-10-16","angus65","copilot","copilot_premium_request","Claude Sonnet 4.5","7","requests","0.04","0.28","0.28","0","False","300","Experity",""
"2025-10-16","singadi","copilot","copilot_premium_request","Claude Sonnet 4.5","24","requests","0.04","0.9600000000000003","0.9600000000000003","0","False","300","Experity",""
"2025-10-16","nkaur24","copilot","copilot_premium_request","Claude Sonnet 4.5","5","requests","0.04","0.2","0.2","0","False","300","Experity",""
"2025-10-16","Ayushojha1110","copilot","copilot_premium_request","Code Review model","3","requests","0.04","0.12","0.12","0","False","300","Experity",""
"2025-10-16","bstock21","copilot","copilot_premium_request","Code Review model","1","requests","0.04","0.04","0.04","0","False","300","onepackius",""
"2025-10-16","kvalani","copilot","copilot_premium_request","Code Review model","1","requests","0.04","0.04","0.04","0","False","300","Experity",""
"2025-10-16","kennytran95","copilot","copilot_premium_request","Code Review model","1","requests","0.04","0.04","0.04","0","False","300","Experity",""
"2025-10-16","bkent412","copilot","copilot_premium_request","Code Review model","2","requests","0.04","0.08","0.08","0","False","300","Experity",""
"2025-10-16","NorJull","copilot","copilot_premium_request","Code Review model","1","requests","0.04","0.04","0.04","0","False","300","onepackius",""
"2025-10-17","mikepedz","copilot","copilot_premium_request","Claude Sonnet 4","4","requests","0.04","0.16","0.16","0","False","300","Experity",""
"2025-10-17","JoshMalan1","copilot","copilot_premium_request","Claude Sonnet 4","1","requests","0.04","0.04","0.04","0","False","300","Experity",""
"2025-10-17","nkaur24","copilot","copilot_premium_request","Claude Sonnet 4","19","requests","0.04","0.7600000000000001","0.7600000000000001","0","False","300","Experity",""
"2025-10-17","aswinkulath93","copilot","copilot_premium_request","Claude Sonnet 4","23","requests","0.04","0.9200000000000003","0.9200000000000003","0","False","300","Experity",""
"2025-10-17","bkent412","copilot","copilot_premium_request","Claude Sonnet 4","11","requests","0.04","0.43999999999999995","0.43999999999999995","0","False","300","Experity",""
"2025-10-17","narouz-makar","copilot","copilot_premium_request","Claude Sonnet 4","5","requests","0.04","0.2","0.2","0","False","300","Experity",""
"2025-10-17","angus65","copilot","copilot_premium_request","Claude Sonnet 4","4","requests","0.04","0.16","0.16","0","False","300","Experity",""
"2025-10-17","bstock21","copilot","copilot_premium_request","Claude Sonnet 4","12","requests","0.04","0.4799999999999999","0.4799999999999999","0","False","300","onepackius",""
"2025-10-17","sodakdoogie1969","copilot","copilot_premium_request","Claude Sonnet 4","7","requests","0.04","0.28","0.28","0","False","300","Experity",""
"2025-10-17","tyescalante","copilot","copilot_premium_request","Claude Sonnet 4","29","requests","0.04","1.1600000000000004","1.1600000000000004","0","False","300","Experity",""
"2025-10-17","Ayushojha1110","copilot","copilot_premium_request","Claude Sonnet 4","7","requests","0.04","0.28","0.28","0","False","300","Experity",""
"2025-10-17","nkaur24","copilot","copilot_premium_request","Claude Sonnet 4.5","16","requests","0.04","0.64","0.64","0","False","300","Experity",""
"2025-10-17","zacharypollard","copilot","copilot_premium_request","Claude Sonnet 4.5","4","requests","0.04","0.16","0.16","0","False","300","Experity",""
"2025-10-17","angus65","copilot","copilot_premium_request","Claude Sonnet 4.5","12","requests","0.04","0.4799999999999999","0.4799999999999999","0","False","300","Experity",""
"2025-10-17","narouz-makar","copilot","copilot_premium_request","Claude Sonnet 4.5","1","requests","0.04","0.04","0.04","0","False","300","Experity",""
"2025-10-17","jfeathers13","copilot","copilot_premium_request","Claude Sonnet 4.5","6","requests","0.04","0.24000000000000002","0.24000000000000002","0","False","300","Experity",""
"2025-10-17","singadi","copilot","copilot_premium_request","Claude Sonnet 4.5","4","requests","0.04","0.16","0.16","0","False","300","Experity",""
"2025-10-17","Ayushojha1110","copilot","copilot_premium_request","Code Review model","2","requests","0.04","0.08","0.08","0","False","300","Experity",""
"2025-10-17","kvalani","copilot","copilot_premium_request","Code Review model","1","requests","0.04","0.04","0.04","0","False","300","Experity",""
"2025-10-17","BrandonOrtuno","copilot","copilot_premium_request","Code Review model","1","requests","0.04","0.04","0.04","0","False","300","Experity",""
"2025-10-17","nkaur24","copilot","copilot_premium_request","Code Review model","1","requests","0.04","0.04","0.04","0","False","300","Experity",""
"2025-10-17","PhreighnQ","copilot","copilot_premium_request","Code Review model","2","requests","0.04","0.08","0.08","0","False","300","Experity",""
"2025-10-17","bkent412","copilot","copilot_premium_request","Code Review model","1","requests","0.04","0.04","0.04","0","False","300","Experity",""
"2025-10-17","NorJull","copilot","copilot_premium_request","Code Review model","1","requests","0.04","0.04","0.04","0","False","300","onepackius",""
"2025-10-17","kennytran95","copilot","copilot_premium_request","Code Review model","2","requests","0.04","0.08","0.08","0","False","300","Experity",""
"2025-10-17","tyescalante","copilot","copilot_premium_request","Code Review model","2","requests","0.04","0.08","0.08","0","False","300","Experity",""
"2025-10-17","bstock21","copilot","copilot_premium_request","Code Review model","1","requests","0.04","0.04","0.04","0","False","300","onepackius",""
"2025-10-17","leima2010","copilot","copilot_premium_request","Code Review model","2","requests","0.04","0.08","0.08","0","False","300","onepackius",""
"2025-10-18","angus65","copilot","copilot_premium_request","Claude Sonnet 4","2","requests","0.04","0.08","0.08","0","False","300","Experity",""
"2025-10-18","kjm0001","copilot","copilot_premium_request","Claude Sonnet 4.5","1","requests","0.04","0.04","0.04","0","False","300","Experity",""
"2025-10-19","Levoni","copilot","copilot_premium_request","Claude Sonnet 4","9","requests","0.04","0.36","0.36","0","False","300","Experity",""
"2025-10-19","kjm0001","copilot","copilot_premium_request","Claude Sonnet 4.5","2","requests","0.04","0.08","0.08","0","False","300","Experity",""
"2025-10-19","kjm0001","copilot","copilot_premium_request","GPT-5","2","requests","0.04","0.08","0.08","0","False","300","Experity",""
"2025-10-20","RafaelDreschEncora","copilot","copilot_premium_request","Claude Sonnet 3.7","2","requests","0.04","0.08","0.08","0","False","300","Experity",""
"2025-10-20","nkaur24","copilot","copilot_premium_request","Claude Sonnet 4","12","requests","0.04","0.4799999999999999","0.4799999999999999","0","False","300","Experity",""
"2025-10-20","bkent412","copilot","copilot_premium_request","Claude Sonnet 4","15","requests","0.04","0.6","0.6","0","False","300","Experity",""
"2025-10-20","tyescalante","copilot","copilot_premium_request","Claude Sonnet 4","8","requests","0.04","0.32","0.32","0","False","300","Experity",""
"2025-10-20","hdaum","copilot","copilot_premium_request","Claude Sonnet 4","2","requests","0.04","0.08","0.08","0","False","300","Experity",""
"2025-10-20","sam-harris-experity","copilot","copilot_premium_request","Claude Sonnet 4","1","requests","0.04","0.04","0.04","0","False","300","Experity",""
"2025-10-20","narouz-makar","copilot","copilot_premium_request","Claude Sonnet 4","4","requests","0.04","0.16","0.16","0","False","300","Experity",""
"2025-10-20","Ayushojha1110","copilot","copilot_premium_request","Claude Sonnet 4","4","requests","0.04","0.16","0.16","0","False","300","Experity",""
"2025-10-20","Levoni","copilot","copilot_premium_request","Claude Sonnet 4","5","requests","0.04","0.2","0.2","0","False","300","Experity",""
"2025-10-20","bstock21","copilot","copilot_premium_request","Claude Sonnet 4","13","requests","0.04","0.5199999999999999","0.5199999999999999","0","False","300","onepackius",""
"2025-10-20","rgiordano66","copilot","copilot_premium_request","Claude Sonnet 4","2","requests","0.04","0.08","0.08","0","False","300","Experity",""
"2025-10-20","BrandonOrtuno","copilot","copilot_premium_request","Claude Sonnet 4","6","requests","0.04","0.24000000000000002","0.24000000000000002","0","False","300","Experity",""
"2025-10-20","aswinkulath93","copilot","copilot_premium_request","Claude Sonnet 4","6","requests","0.04","0.24000000000000002","0.24000000000000002","0","False","300","Experity",""
"2025-10-20","tcrane20","copilot","copilot_premium_request","Claude Sonnet 4","6","requests","0.04","0.24000000000000002","0.24000000000000002","0","False","300","Experity",""
"2025-10-20","ithank","copilot","copilot_premium_request","Claude Sonnet 4","25","requests","0.04","1.0000000000000002","1.0000000000000002","0","False","300","Experity",""
"2025-10-20","narouz-makar","copilot","copilot_premium_request","Claude Sonnet 4.5","2","requests","0.04","0.08","0.08","0","False","300","Experity",""
"2025-10-20","kjm0001","copilot","copilot_premium_request","Claude Sonnet 4.5","22","requests","0.04","0.8800000000000002","0.8800000000000002","0","False","300","Experity",""
"2025-10-20","BrandonOrtuno","copilot","copilot_premium_request","Claude Sonnet 4.5","1","requests","0.04","0.04","0.04","0","False","300","Experity",""
"2025-10-20","zacharypollard","copilot","copilot_premium_request","Claude Sonnet 4.5","7","requests","0.04","0.28","0.28","0","False","300","Experity",""
"2025-10-20","RafaelDreschEncora","copilot","copilot_premium_request","Claude Sonnet 4.5","2","requests","0.04","0.08","0.08","0","False","300","Experity",""
"2025-10-20","Levoni","copilot","copilot_premium_request","Code Review model","1","requests","0.04","0.04","0.04","0","False","300","Experity",""
"2025-10-20","RafaelDreschEncora","copilot","copilot_premium_request","Code Review model","2","requests","0.04","0.08","0.08","0","False","300","Experity",""
"2025-10-20","RafaelDreschEncora","copilot","copilot_premium_request","GPT-5","2","requests","0.04","0.08","0.08","0","False","300","Experity",""
"2025-10-21","RafaelDreschEncora","copilot","copilot_premium_request","Claude Sonnet 3.7","6","requests","0.04","0.24000000000000002","0.24000000000000002","0","False","300","Experity",""
"2025-10-21","bkent412","copilot","copilot_premium_request","Claude Sonnet 4","15","requests","0.04","0.6","0.6","0","False","300","Experity",""
"2025-10-21","nkaur24","copilot","copilot_premium_request","Claude Sonnet 4","12","requests","0.04","0.4799999999999999","0.4799999999999999","0","False","300","Experity",""
"2025-10-21","kennytran95","copilot","copilot_premium_request","Claude Sonnet 4","3","requests","0.04","0.12","0.12","0","False","300","Experity",""
"2025-10-21","Jespinozah","copilot","copilot_premium_request","Claude Sonnet 4","7","requests","0.04","0.28","0.28","0","False","300","onepackius",""
"2025-10-21","ithank","copilot","copilot_premium_request","Claude Sonnet 4","7","requests","0.04","0.28","0.28","0","False","300","Experity",""
"2025-10-21","twilson-eh","copilot","copilot_premium_request","Claude Sonnet 4","3","requests","0.04","0.12","0.12","0","False","300","Experity",""
"2025-10-21","vinicius-davila-experity","copilot","copilot_premium_request","Claude Sonnet 4","1","requests","0.04","0.04","0.04","0","False","300","Experity",""
"2025-10-21","Ayushojha1110","copilot","copilot_premium_request","Claude Sonnet 4","5","requests","0.04","0.2","0.2","0","False","300","Experity",""
"2025-10-21","bstock21","copilot","copilot_premium_request","Claude Sonnet 4","5","requests","0.04","0.2","0.2","0","False","300","onepackius",""
"2025-10-21","tcrane20","copilot","copilot_premium_request","Claude Sonnet 4","5","requests","0.04","0.2","0.2","0","False","300","Experity",""
"2025-10-21","tyescalante","copilot","copilot_premium_request","Claude Sonnet 4","1","requests","0.04","0.04","0.04","0","False","300","Experity",""
"2025-10-21","zacharypollard","copilot","copilot_premium_request","Claude Sonnet 4.5","15","requests","0.04","0.6","0.6","0","False","300","Experity",""
"2025-10-21","kjm0001","copilot","copilot_premium_request","Claude Sonnet 4.5","11","requests","0.04","0.43999999999999995","0.43999999999999995","0","False","300","Experity",""
"2025-10-21","iblatter-experity","copilot","copilot_premium_request","Claude Sonnet 4.5","4","requests","0.04","0.16","0.16","0","False","300","Experity",""
"2025-10-21","BrandonOrtuno","copilot","copilot_premium_request","Claude Sonnet 4.5","3","requests","0.04","0.12","0.12","0","False","300","Experity",""
"2025-10-21","bkent412","copilot","copilot_premium_request","Claude Sonnet 4.5","28","requests","0.04","1.1200000000000003","1.1200000000000003","0","False","300","Experity",""
"2025-10-21","tleibovich","copilot","copilot_premium_request","Code Review model","1","requests","0.04","0.04","0.04","0","False","300","Experity",""
"2025-10-21","hanischandrew","copilot","copilot_premium_request","Code Review model","3","requests","0.04","0.12","0.12","0","False","300","Experity",""
"2025-10-21","BrandonOrtuno","copilot","copilot_premium_request","Code Review model","1","requests","0.04","0.04","0.04","0","False","300","Experity",""
"2025-10-21","tyescalante","copilot","copilot_premium_request","Code Review model","1","requests","0.04","0.04","0.04","0","False","300","Experity",""
"2025-10-21","ithank","copilot","copilot_premium_request","Code Review model","1","requests","0.04","0.04","0.04","0","False","300","Experity",""
"2025-10-21","dkarl","copilot","copilot_premium_request","Code Review model","1","requests","0.04","0.04","0.04","0","False","300","Experity",""
"2025-10-21","Levoni","copilot","copilot_premium_request","Code Review model","1","requests","0.04","0.04","0.04","0","False","300","Experity",""
"2025-10-21","Jespinozah","copilot","copilot_premium_request","Code Review model","1","requests","0.04","0.04","0.04","0","False","300","onepackius",""
"2025-10-22","PhreighnQ","copilot","copilot_premium_request","Claude Sonnet 4","1","requests","0.04","0.04","0.04","0","False","300","Experity",""
"2025-10-22","NorJull","copilot","copilot_premium_request","Claude Sonnet 4","7","requests","0.04","0.28","0.28","0","False","300","onepackius",""
"2025-10-22","tyescalante","copilot","copilot_premium_request","Claude Sonnet 4","6","requests","0.04","0.24000000000000002","0.24000000000000002","0","False","300","Experity",""
"2025-10-22","Ayushojha1110","copilot","copilot_premium_request","Claude Sonnet 4","1","requests","0.04","0.04","0.04","0","False","300","Experity",""
"2025-10-22","Jespinozah","copilot","copilot_premium_request","Claude Sonnet 4","3","requests","0.04","0.12","0.12","0","False","300","onepackius",""
"2025-10-22","nkaur24","copilot","copilot_premium_request","Claude Sonnet 4","38","requests","0.04","1.5200000000000007","1.5200000000000007","0","False","300","Experity",""
"2025-10-22","jchechowitz","copilot","copilot_premium_request","Claude Sonnet 4","2","requests","0.04","0.08","0.08","0","False","300","Experity",""
"2025-10-22","BrandonOrtuno","copilot","copilot_premium_request","Claude Sonnet 4","2","requests","0.04","0.08","0.08","0","False","300","Experity",""
"2025-10-22","sodakdoogie1969","copilot","copilot_premium_request","Claude Sonnet 4","44","requests","0.04","1.760000000000001","1.760000000000001","0","False","300","Experity",""
"2025-10-22","tcrane20","copilot","copilot_premium_request","Claude Sonnet 4","6","requests","0.04","0.24000000000000002","0.24000000000000002","0","False","300","Experity",""
"2025-10-22","kennytran95","copilot","copilot_premium_request","Claude Sonnet 4","1","requests","0.04","0.04","0.04","0","False","300","Experity",""
"2025-10-22","bstock21","copilot","copilot_premium_request","Claude Sonnet 4","11","requests","0.04","0.43999999999999995","0.43999999999999995","0","False","300","onepackius",""
"2025-10-22","Levoni","copilot","copilot_premium_request","Claude Sonnet 4","1","requests","0.04","0.04","0.04","0","False","300","Experity",""
"2025-10-22","jfeathers13","copilot","copilot_premium_request","Claude Sonnet 4.5","2","requests","0.04","0.08","0.08","0","False","300","Experity",""
"2025-10-22","iblatter-experity","copilot","copilot_premium_request","Claude Sonnet 4.5","1","requests","0.04","0.04","0.04","0","False","300","Experity",""
"2025-10-22","zacharypollard","copilot","copilot_premium_request","Claude Sonnet 4.5","11","requests","0.04","0.43999999999999995","0.43999999999999995","0","False","300","Experity",""
"2025-10-22","BrandonOrtuno","copilot","copilot_premium_request","Claude Sonnet 4.5","2","requests","0.04","0.08","0.08","0","False","300","Experity",""
"2025-10-22","singadi","copilot","copilot_premium_request","Claude Sonnet 4.5","1","requests","0.04","0.04","0.04","0","False","300","Experity",""
"2025-10-22","bkent412","copilot","copilot_premium_request","Claude Sonnet 4.5","5","requests","0.04","0.2","0.2","0","False","300","Experity",""
"2025-10-22","tleibovich","copilot","copilot_premium_request","Code Review model","2","requests","0.04","0.08","0.08","0","False","300","Experity",""
"2025-10-22","tyescalante","copilot","copilot_premium_request","Code Review model","1","requests","0.04","0.04","0.04","0","False","300","Experity",""
"2025-10-22","hdaum","copilot","copilot_premium_request","Code Review model","1","requests","0.04","0.04","0.04","0","False","300","Experity",""
"2025-10-22","hanischandrew","copilot","copilot_premium_request","Code Review model","3","requests","0.04","0.12","0.12","0","False","300","Experity",""
"2025-10-22","sodakdoogie1969","copilot","copilot_premium_request","Code Review model","1","requests","0.04","0.04","0.04","0","False","300","Experity",""
"2025-10-22","BrandonOrtuno","copilot","copilot_premium_request","Code Review model","4","requests","0.04","0.16","0.16","0","False","300","Experity",""
"2025-10-22","twilson-eh","copilot","copilot_premium_request","Code Review model","1","requests","0.04","0.04","0.04","0","False","300","Experity",""
"2025-10-22","kennytran95","copilot","copilot_premium_request","Code Review model","1","requests","0.04","0.04","0.04","0","False","300","Experity",""
"2025-10-22","dkarl","copilot","copilot_premium_request","Code Review model","1","requests","0.04","0.04","0.04","0","False","300","Experity",""
"2025-10-22","RafaelDreschEncora","copilot","copilot_premium_request","GPT-5","3","requests","0.04","0.12","0.12","0","False","300","Experity",""
"2025-10-23","tcrane20","copilot","copilot_premium_request","Claude Sonnet 4","1","requests","0.04","0.04","0.04","0","False","300","Experity",""
"2025-10-23","jchechowitz","copilot","copilot_premium_request","Claude Sonnet 4","6","requests","0.04","0.24000000000000002","0.24000000000000002","0","False","300","Experity",""
"2025-10-23","bstock21","copilot","copilot_premium_request","Claude Sonnet 4","7","requests","0.04","0.28","0.28","0","False","300","onepackius",""
"2025-10-23","Jespinozah","copilot","copilot_premium_request","Claude Sonnet 4","3","requests","0.04","0.12","0.12","0","False","300","onepackius",""
"2025-10-23","Levoni","copilot","copilot_premium_request","Claude Sonnet 4","11","requests","0.04","0.43999999999999995","0.43999999999999995","0","False","300","Experity",""
"2025-10-23","nkaur24","copilot","copilot_premium_request","Claude Sonnet 4","23","requests","0.04","0.9200000000000003","0.9200000000000003","0","False","300","Experity",""
"2025-10-23","ithank","copilot","copilot_premium_request","Claude Sonnet 4","5","requests","0.04","0.2","0.2","0","False","300","Experity",""
"2025-10-23","BrandonOrtuno","copilot","copilot_premium_request","Claude Sonnet 4","1","requests","0.04","0.04","0.04","0","False","300","Experity",""
"2025-10-23","NorJull","copilot","copilot_premium_request","Claude Sonnet 4","1","requests","0.04","0.04","0.04","0","False","300","onepackius",""
"2025-10-23","vinicius-davila-experity","copilot","copilot_premium_request","Claude Sonnet 4","1","requests","0.04","0.04","0.04","0","False","300","Experity",""
"2025-10-23","kennytran95","copilot","copilot_premium_request","Claude Sonnet 4","5","requests","0.04","0.2","0.2","0","False","300","Experity",""
"2025-10-23","tyescalante","copilot","copilot_premium_request","Claude Sonnet 4","10","requests","0.04","0.39999999999999997","0.39999999999999997","0","False","300","Experity",""
"2025-10-23","sodakdoogie1969","copilot","copilot_premium_request","Claude Sonnet 4","29","requests","0.04","1.1600000000000004","1.1600000000000004","0","False","300","Experity",""
"2025-10-23","Ayushojha1110","copilot","copilot_premium_request","Claude Sonnet 4","5","requests","0.04","0.2","0.2","0","False","300","Experity",""
"2025-10-23","dkarl","copilot","copilot_premium_request","Claude Sonnet 4.5","4","requests","0.04","0.16","0.16","0","False","300","Experity",""
"2025-10-23","BrandonOrtuno","copilot","copilot_premium_request","Claude Sonnet 4.5","3","requests","0.04","0.12","0.12","0","False","300","Experity",""
"2025-10-23","bkent412","copilot","copilot_premium_request","Claude Sonnet 4.5","1","requests","0.04","0.04","0.04","0","False","300","Experity",""
"2025-10-23","rgiordano66","copilot","copilot_premium_request","Claude Sonnet 4.5","29","requests","0.04","1.1600000000000004","1.1600000000000004","0","False","300","Experity",""
"2025-10-23","zacharypollard","copilot","copilot_premium_request","Claude Sonnet 4.5","1","requests","0.04","0.04","0.04","0","False","300","Experity",""
"2025-10-23","NorJull","copilot","copilot_premium_request","Code Review model","1","requests","0.04","0.04","0.04","0","False","300","onepackius",""
"2025-10-23","bkent412","copilot","copilot_premium_request","Code Review model","1","requests","0.04","0.04","0.04","0","False","300","Experity",""
"2025-10-23","kvalani","copilot","copilot_premium_request","Code Review model","2","requests","0.04","0.08","0.08","0","False","300","Experity",""
"2025-10-23","bstock21","copilot","copilot_premium_request","Code Review model","1","requests","0.04","0.04","0.04","0","False","300","onepackius",""
"2025-10-23","sodakdoogie1969","copilot","copilot_premium_request","Code Review model","1","requests","0.04","0.04","0.04","0","False","300","Experity",""
"2025-10-23","tyescalante","copilot","copilot_premium_request","Code Review model","2","requests","0.04","0.08","0.08","0","False","300","Experity",""
"2025-10-23","RafaelDreschEncora","copilot","copilot_premium_request","GPT-5","3","requests","0.04","0.12","0.12","0","False","300","Experity",""
"2025-10-23","jmunsch","copilot","copilot_premium_request","GPT-5","5","requests","0.04","0.2","0.2","0","False","300","Experity",""
"2025-10-24","ithank","copilot","copilot_premium_request","Claude Sonnet 4","20","requests","0.04","0.8000000000000002","0.8000000000000002","0","False","300","Experity",""
"2025-10-24","tyescalante","copilot","copilot_premium_request","Claude Sonnet 4","11","requests","0.04","0.43999999999999995","0.43999999999999995","0","False","300","Experity",""
"2025-10-24","Ayushojha1110","copilot","copilot_premium_request","Claude Sonnet 4","2","requests","0.04","0.08","0.08","0","False","300","Experity",""
"2025-10-24","sodakdoogie1969","copilot","copilot_premium_request","Claude Sonnet 4","37","requests","0.04","1.4800000000000006","1.4800000000000006","0","False","300","Experity",""
"2025-10-24","sam-harris-experity","copilot","copilot_premium_request","Claude Sonnet 4","5","requests","0.04","0.2","0.2","0","False","300","Experity",""
"2025-10-24","Levoni","copilot","copilot_premium_request","Claude Sonnet 4","2","requests","0.04","0.08","0.08","0","False","300","Experity",""
"2025-10-24","kennytran95","copilot","copilot_premium_request","Claude Sonnet 4","2","requests","0.04","0.08","0.08","0","False","300","Experity",""
"2025-10-24","Jespinozah","copilot","copilot_premium_request","Claude Sonnet 4","1","requests","0.04","0.04","0.04","0","False","300","onepackius",""
"2025-10-24","PhreighnQ","copilot","copilot_premium_request","Claude Sonnet 4","6","requests","0.04","0.24000000000000002","0.24000000000000002","0","False","300","Experity",""
"2025-10-24","bstock21","copilot","copilot_premium_request","Claude Sonnet 4","5","requests","0.04","0.2","0.2","0","False","300","onepackius",""
"2025-10-24","nkaur24","copilot","copilot_premium_request","Claude Sonnet 4.5","10","requests","0.04","0.39999999999999997","0.39999999999999997","0","False","300","Experity",""
"2025-10-24","iblatter-experity","copilot","copilot_premium_request","Claude Sonnet 4.5","1","requests","0.04","0.04","0.04","0","False","300","Experity",""
"2025-10-24","RafaelDreschEncora","copilot","copilot_premium_request","Claude Sonnet 4.5","2","requests","0.04","0.08","0.08","0","False","300","Experity",""
"2025-10-24","mikepedz","copilot","copilot_premium_request","Claude Sonnet 4.5","2","requests","0.04","0.08","0.08","0","False","300","Experity",""
"2025-10-24","bkent412","copilot","copilot_premium_request","Claude Sonnet 4.5","14","requests","0.04","0.5599999999999999","0.5599999999999999","0","False","300","Experity",""
"2025-10-24","kvalani","copilot","copilot_premium_request","Code Review model","2","requests","0.04","0.08","0.08","0","False","300","Experity",""
"2025-10-24","tleibovich","copilot","copilot_premium_request","Code Review model","2","requests","0.04","0.08","0.08","0","False","300","Experity",""
"2025-10-24","bstock21","copilot","copilot_premium_request","Code Review model","1","requests","0.04","0.04","0.04","0","False","300","onepackius",""
"2025-10-24","tyescalante","copilot","copilot_premium_request","Code Review model","2","requests","0.04","0.08","0.08","0","False","300","Experity",""
"2025-10-24","hanischandrew","copilot","copilot_premium_request","Code Review model","1","requests","0.04","0.04","0.04","0","False","300","Experity",""
"2025-10-24","nkaur24","copilot","copilot_premium_request","Gemini 2.5 Pro","6","requests","0.04","0.24000000000000002","0.24000000000000002","0","False","300","Experity",""
"2025-10-25","angus65","copilot","copilot_premium_request","Claude Sonnet 4","4","requests","0.04","0.16","0.16","0","False","300","Experity",""
"2025-10-25","bkent412","copilot","copilot_premium_request","Claude Sonnet 4.5","2","requests","0.04","0.08","0.08","0","False","300","Experity",""
"2025-10-25","bkent412","copilot","copilot_premium_request","Code Review model","1","requests","0.04","0.04","0.04","0","False","300","Experity",""
"2025-10-26","angus65","copilot","copilot_premium_request","Claude Sonnet 4","1","requests","0.04","0.04","0.04","0","False","300","Experity",""
"2025-10-26","mikepedz","copilot","copilot_premium_request","Claude Sonnet 4.5","1","requests","0.04","0.04","0.04","0","False","300","Experity",""
"2025-10-27","NorJull","copilot","copilot_premium_request","Claude Sonnet 4","2","requests","0.04","0.08","0.08","0","False","300","onepackius",""
"2025-10-27","jchechowitz","copilot","copilot_premium_request","Claude Sonnet 4","3","requests","0.04","0.12","0.12","0","False","300","Experity",""
"2025-10-27","PhreighnQ","copilot","copilot_premium_request","Claude Sonnet 4","3","requests","0.04","0.12","0.12","0","False","300","Experity",""
"2025-10-27","tcrane20","copilot","copilot_premium_request","Claude Sonnet 4","7","requests","0.04","0.28","0.28","0","False","300","Experity",""
"2025-10-27","Ayushojha1110","copilot","copilot_premium_request","Claude Sonnet 4","3","requests","0.04","0.12","0.12","0","False","300","Experity",""
"2025-10-27","ithank","copilot","copilot_premium_request","Claude Sonnet 4","5","requests","0.04","0.2","0.2","0","False","300","Experity",""
"2025-10-27","narouz-makar","copilot","copilot_premium_request","Claude Sonnet 4","6","requests","0.04","0.24000000000000002","0.24000000000000002","0","False","300","Experity",""
"2025-10-27","jfeathers13","copilot","copilot_premium_request","Claude Sonnet 4","6","requests","0.04","0.24000000000000002","0.24000000000000002","0","False","300","Experity",""
"2025-10-27","tyescalante","copilot","copilot_premium_request","Claude Sonnet 4","4","requests","0.04","0.16","0.16","0","False","300","Experity",""
"2025-10-27","sodakdoogie1969","copilot","copilot_premium_request","Claude Sonnet 4","9","requests","0.04","0.36","0.36","0","False","300","Experity",""
"2025-10-27","zacharypollard","copilot","copilot_premium_request","Claude Sonnet 4.5","3","requests","0.04","0.12","0.12","0","False","300","Experity",""
"2025-10-27","iblatter-experity","copilot","copilot_premium_request","Claude Sonnet 4.5","21","requests","0.04","0.8400000000000002","0.8400000000000002","0","False","300","Experity",""
"2025-10-27","kvalani","copilot","copilot_premium_request","Claude Sonnet 4.5","2","requests","0.04","0.08","0.08","0","False","300","Experity",""
"2025-10-27","bkent412","copilot","copilot_premium_request","Claude Sonnet 4.5","11","requests","0.04","0.43999999999999995","0.43999999999999995","0","False","300","Experity",""
"2025-10-27","RafaelDreschEncora","copilot","copilot_premium_request","Claude Sonnet 4.5","1","requests","0.04","0.04","0.04","0","False","300","Experity",""
"2025-10-27","sseely-experity","copilot","copilot_premium_request","Claude Sonnet 4.5","1","requests","0.04","0.04","0.04","0","False","300","Experity",""
"2025-10-27","tleibovich","copilot","copilot_premium_request","Code Review model","1","requests","0.04","0.04","0.04","0","False","300","Experity",""
"2025-10-27","kennytran95","copilot","copilot_premium_request","Code Review model","1","requests","0.04","0.04","0.04","0","False","300","Experity",""
"2025-10-27","dkarl","copilot","copilot_premium_request","Code Review model","2","requests","0.04","0.08","0.08","0","False","300","Experity",""
"2025-10-27","tyescalante","copilot","copilot_premium_request","Code Review model","1","requests","0.04","0.04","0.04","0","False","300","Experity",""
"2025-10-27","narouz-makar","copilot","copilot_premium_request","Code Review model","1","requests","0.04","0.04","0.04","0","False","300","Experity",""
"2025-10-27","iblatter-experity","copilot","copilot_premium_request","Code Review model","5","requests","0.04","0.2","0.2","0","False","300","Experity",""
"2025-10-27","Jespinozah","copilot","copilot_premium_request","Code Review model","1","requests","0.04","0.04","0.04","0","False","300","onepackius",""
"2025-10-27","rgiordano66","copilot","copilot_premium_request","Code Review model","1","requests","0.04","0.04","0.04","0","False","300","Experity",""
"2025-10-27","ithank","copilot","copilot_premium_request","Code Review model","1","requests","0.04","0.04","0.04","0","False","300","Experity",""
"2025-10-27","tobyjoliver","copilot","copilot_premium_request","Code Review model","1","requests","0.04","0.04","0.04","0","False","300","Experity",""
"2025-10-27","NorJull","copilot","copilot_premium_request","Code Review model","1","requests","0.04","0.04","0.04","0","False","300","onepackius",""
"2025-10-28","ithank","copilot","copilot_premium_request","Claude Sonnet 4","10","requests","0.04","0.39999999999999997","0.39999999999999997","0","False","300","Experity",""
"2025-10-28","jchechowitz","copilot","copilot_premium_request","Claude Sonnet 4","55","requests","0.04","2.200000000000001","2.200000000000001","0","False","300","Experity",""
"2025-10-28","tcrane20","copilot","copilot_premium_request","Claude Sonnet 4","6","requests","0.04","0.24000000000000002","0.24000000000000002","0","False","300","Experity",""
"2025-10-28","tyescalante","copilot","copilot_premium_request","Claude Sonnet 4","3","requests","0.04","0.12","0.12","0","False","300","Experity",""
"2025-10-28","Jespinozah","copilot","copilot_premium_request","Claude Sonnet 4","3","requests","0.04","0.12","0.12","0","False","300","onepackius",""
"2025-10-28","bstock21","copilot","copilot_premium_request","Claude Sonnet 4","9","requests","0.04","0.36","0.36","0","False","300","onepackius",""
"2025-10-28","Levoni","copilot","copilot_premium_request","Claude Sonnet 4","1","requests","0.04","0.04","0.04","0","False","300","Experity",""
"2025-10-28","Ayushojha1110","copilot","copilot_premium_request","Claude Sonnet 4","1","requests","0.04","0.04","0.04","0","False","300","Experity",""
"2025-10-28","sam-harris-experity","copilot","copilot_premium_request","Claude Sonnet 4","68","requests","0.04","2.7200000000000015","2.7200000000000015","0","False","300","Experity",""
"2025-10-28","jchechowitz","copilot","copilot_premium_request","Claude Sonnet 4.5","8","requests","0.04","0.32","0.32","0","False","300","Experity",""
"2025-10-28","jfeathers13","copilot","copilot_premium_request","Claude Sonnet 4.5","3","requests","0.04","0.12","0.12","0","False","300","Experity",""
"2025-10-28","zacharypollard","copilot","copilot_premium_request","Claude Sonnet 4.5","3","requests","0.04","0.12","0.12","0","False","300","Experity",""
"2025-10-28","iblatter-experity","copilot","copilot_premium_request","Claude Sonnet 4.5","28","requests","0.04","1.1200000000000003","1.1200000000000003","0","False","300","Experity",""
"2025-10-28","bkent412","copilot","copilot_premium_request","Claude Sonnet 4.5","5","requests","0.04","0.2","0.2","0","False","300","Experity",""
"2025-10-28","RafaelDreschEncora","copilot","copilot_premium_request","Claude Sonnet 4.5","3","requests","0.04","0.12","0.12","0","False","300","Experity",""
"2025-10-28","BrandonOrtuno","copilot","copilot_premium_request","Claude Sonnet 4.5","5","requests","0.04","0.2","0.2","0","False","300","Experity",""
"2025-10-28","hanischandrew","copilot","copilot_premium_request","Code Review model","1","requests","0.04","0.04","0.04","0","False","300","Experity",""
"2025-10-28","bstock21","copilot","copilot_premium_request","Code Review model","2","requests","0.04","0.08","0.08","0","False","300","onepackius",""
"2025-10-28","bwhiteOP","copilot","copilot_premium_request","Code Review model","1","requests","0.04","0.04","0.04","0","False","300","onepackius",""
"2025-10-28","zacharypollard","copilot","copilot_premium_request","Code Review model","1","requests","0.04","0.04","0.04","0","False","300","Experity",""
"2025-10-28","RafaelDreschEncora","copilot","copilot_premium_request","Code Review model","4","requests","0.04","0.16","0.16","0","False","300","Experity",""
"2025-10-28","NorJull","copilot","copilot_premium_request","Code Review model","1","requests","0.04","0.04","0.04","0","False","300","onepackius",""
"2025-10-28","dkarl","copilot","copilot_premium_request","Code Review model","3","requests","0.04","0.12","0.12","0","False","300","Experity",""
"2025-10-28","Levoni","copilot","copilot_premium_request","Code Review model","1","requests","0.04","0.04","0.04","0","False","300","Experity",""
"2025-10-28","sseely-experity","copilot","copilot_premium_request","Code Review model","1","requests","0.04","0.04","0.04","0","False","300","Experity",""
"2025-10-28","sam-harris-experity","copilot","copilot_premium_request","Code Review model","1","requests","0.04","0.04","0.04","0","False","300","Experity",""
"2025-10-28","iblatter-experity","copilot","copilot_premium_request","Code Review model","3","requests","0.04","0.12","0.12","0","False","300","Experity",""
"2025-10-29","ssimonson","copilot","copilot_premium_request","Claude Sonnet 4","9","requests","0.04","0.36","0.36","0","False","300","Experity",""
"2025-10-29","jfeathers13","copilot","copilot_premium_request","Claude Sonnet 4","2","requests","0.04","0.08","0.08","0","False","300","Experity",""
"2025-10-29","tyescalante","copilot","copilot_premium_request","Claude Sonnet 4","5","requests","0.04","0.2","0.2","0","False","300","Experity",""
"2025-10-29","Ayushojha1110","copilot","copilot_premium_request","Claude Sonnet 4","1","requests","0.04","0.04","0.04","0","False","300","Experity",""
"2025-10-29","tcrane20","copilot","copilot_premium_request","Claude Sonnet 4","30","requests","0.04","1.2000000000000004","1.2000000000000004","0","False","300","Experity",""
"2025-10-29","bstock21","copilot","copilot_premium_request","Claude Sonnet 4","22","requests","0.04","0.8800000000000002","0.8800000000000002","0","False","300","onepackius",""
"2025-10-29","jchechowitz","copilot","copilot_premium_request","Claude Sonnet 4","43","requests","0.04","1.7200000000000009","1.7200000000000009","0","False","300","Experity",""
"2025-10-29","sam-harris-experity","copilot","copilot_premium_request","Claude Sonnet 4","55","requests","0.04","2.200000000000001","2.200000000000001","0","False","300","Experity",""
"2025-10-29","NorJull","copilot","copilot_premium_request","Claude Sonnet 4","2","requests","0.04","0.08","0.08","0","False","300","onepackius",""
"2025-10-29","Levoni","copilot","copilot_premium_request","Claude Sonnet 4","2","requests","0.04","0.08","0.08","0","False","300","Experity",""
"2025-10-29","kjm0001","copilot","copilot_premium_request","Claude Sonnet 4.5","3","requests","0.04","0.12","0.12","0","False","300","Experity",""
"2025-10-29","bkent412","copilot","copilot_premium_request","Claude Sonnet 4.5","13","requests","0.04","0.5199999999999999","0.5199999999999999","0","False","300","Experity",""
"2025-10-29","tleibovich","copilot","copilot_premium_request","Claude Sonnet 4.5","1","requests","0.04","0.04","0.04","0","False","300","Experity",""
"2025-10-29","jfeathers13","copilot","copilot_premium_request","Claude Sonnet 4.5","1","requests","0.04","0.04","0.04","0","False","300","Experity",""
"2025-10-29","kvalani","copilot","copilot_premium_request","Claude Sonnet 4.5","9","requests","0.04","0.36","0.36","0","False","300","Experity",""
"2025-10-29","iblatter-experity","copilot","copilot_premium_request","Claude Sonnet 4.5","9","requests","0.04","0.36","0.36","0","False","300","Experity",""
"2025-10-29","zacharypollard","copilot","copilot_premium_request","Claude Sonnet 4.5","1","requests","0.04","0.04","0.04","0","False","300","Experity",""
"2025-10-29","Jespinozah","copilot","copilot_premium_request","Code Review model","1","requests","0.04","0.04","0.04","0","False","300","onepackius",""
"2025-10-29","BrandonOrtuno","copilot","copilot_premium_request","Code Review model","2","requests","0.04","0.08","0.08","0","False","300","Experity",""
"2025-10-29","dkarl","copilot","copilot_premium_request","Code Review model","1","requests","0.04","0.04","0.04","0","False","300","Experity",""
"2025-10-29","sseely-experity","copilot","copilot_premium_request","Code Review model","1","requests","0.04","0.04","0.04","0","False","300","Experity",""
"2025-10-29","twilson-eh","copilot","copilot_premium_request","Code Review model","1","requests","0.04","0.04","0.04","0","False","300","Experity",""
"2025-10-29","iblatter-experity","copilot","copilot_premium_request","Code Review model","1","requests","0.04","0.04","0.04","0","False","300","Experity",""
"2025-10-29","tobyjoliver","copilot","copilot_premium_request","Code Review model","1","requests","0.04","0.04","0.04","0","False","300","Experity",""
"2025-10-30","kennytran95","copilot","copilot_premium_request","Claude Sonnet 4","2","requests","0.04","0.08","0.08","0","False","300","Experity",""
"2025-10-30","jchechowitz","copilot","copilot_premium_request","Claude Sonnet 4","36","requests","0.04","1.4400000000000006","1.4400000000000006","0","False","300","Experity",""
"2025-10-30","sam-harris-experity","copilot","copilot_premium_request","Claude Sonnet 4","39","requests","0.04","1.5600000000000007","1.5600000000000007","0","False","300","Experity",""
"2025-10-30","Jespinozah","copilot","copilot_premium_request","Claude Sonnet 4","1","requests","0.04","0.04","0.04","0","False","300","onepackius",""
"2025-10-30","Levoni","copilot","copilot_premium_request","Claude Sonnet 4","12","requests","0.04","0.4799999999999999","0.4799999999999999","0","False","300","Experity",""
"2025-10-30","NorJull","copilot","copilot_premium_request","Claude Sonnet 4","5","requests","0.04","0.2","0.2","0","False","300","onepackius",""
"2025-10-30","bstock21","copilot","copilot_premium_request","Claude Sonnet 4","10","requests","0.04","0.39999999999999997","0.39999999999999997","0","False","300","onepackius",""
"2025-10-30","jfeathers13","copilot","copilot_premium_request","Claude Sonnet 4","2","requests","0.04","0.08","0.08","0","False","300","Experity",""
"2025-10-30","jfeathers13","copilot","copilot_premium_request","Claude Sonnet 4.5","5","requests","0.04","0.2","0.2","0","False","300","Experity",""
"2025-10-30","twilson-eh","copilot","copilot_premium_request","Claude Sonnet 4.5","4","requests","0.04","0.16","0.16","0","False","300","Experity",""
"2025-10-30","iblatter-experity","copilot","copilot_premium_request","Claude Sonnet 4.5","54","requests","0.04","2.160000000000001","2.160000000000001","0","False","300","Experity",""
"2025-10-30","RafaelDreschEncora","copilot","copilot_premium_request","Claude Sonnet 4.5","2","requests","0.04","0.08","0.08","0","False","300","Experity",""
"2025-10-30","kvalani","copilot","copilot_premium_request","Claude Sonnet 4.5","1","requests","0.04","0.04","0.04","0","False","300","Experity",""
"2025-10-30","rgiordano66","copilot","copilot_premium_request","Claude Sonnet 4.5","8","requests","0.04","0.32","0.32","0","False","300","Experity",""
"2025-10-30","sseely-experity","copilot","copilot_premium_request","Claude Sonnet 4.5","2","requests","0.04","0.08","0.08","0","False","300","Experity",""
"2025-10-30","bkent412","copilot","copilot_premium_request","Claude Sonnet 4.5","24","requests","0.04","0.9600000000000003","0.9600000000000003","0","False","300","Experity",""
"2025-10-30","kennytran95","copilot","copilot_premium_request","Code Review model","1","requests","0.04","0.04","0.04","0","False","300","Experity",""
"2025-10-30","iblatter-experity","copilot","copilot_premium_request","Code Review model","4","requests","0.04","0.16","0.16","0","False","300","Experity",""
"2025-10-30","NorJull","copilot","copilot_premium_request","Code Review model","1","requests","0.04","0.04","0.04","0","False","300","onepackius",""
"2025-10-30","bkent412","copilot","copilot_premium_request","Code Review model","1","requests","0.04","0.04","0.04","0","False","300","Experity",""
"2025-10-30","bstock21","copilot","copilot_premium_request","Code Review model","1","requests","0.04","0.04","0.04","0","False","300","onepackius",""
"2025-10-30","sseely-experity","copilot","copilot_premium_request","Code Review model","1","requests","0.04","0.04","0.04","0","False","300","Experity",""
"2025-10-30","dkarl","copilot","copilot_premium_request","GPT-5","6","requests","0.04","0.24000000000000002","0.24000000000000002","0","False","300","Experity",""
"2025-10-31","Ayushojha1110","copilot","copilot_premium_request","Claude Sonnet 4","3","requests","0.04","0.12","0.12","0","False","300","Experity",""
"2025-10-31","JoshMalan1","copilot","copilot_premium_request","Claude Sonnet 4","1","requests","0.04","0.04","0.04","0","False","300","Experity",""
"2025-10-31","bstock21","copilot","copilot_premium_request","Claude Sonnet 4","33","requests","0.04","1.3200000000000005","1.3200000000000005","0","False","300","onepackius",""
"2025-10-31","kennytran95","copilot","copilot_premium_request","Claude Sonnet 4","1","requests","0.04","0.04","0.04","0","False","300","Experity",""
"2025-10-31","sam-harris-experity","copilot","copilot_premium_request","Claude Sonnet 4","3","requests","0.04","0.12","0.12","0","False","300","Experity",""
"2025-10-31","NorJull","copilot","copilot_premium_request","Claude Sonnet 4","5","requests","0.04","0.2","0.2","0","False","300","onepackius",""
"2025-10-31","PhreighnQ","copilot","copilot_premium_request","Claude Sonnet 4","10","requests","0.04","0.39999999999999997","0.39999999999999997","0","False","300","Experity",""
"2025-10-31","Levoni","copilot","copilot_premium_request","Claude Sonnet 4","12","requests","0.04","0.4799999999999999","0.4799999999999999","0","False","300","Experity",""
"2025-10-31","Ayushojha1110","copilot","copilot_premium_request","Claude Sonnet 4.5","1","requests","0.04","0.04","0.04","0","False","300","Experity",""
"2025-10-31","PhreighnQ","copilot","copilot_premium_request","Claude Sonnet 4.5","1","requests","0.04","0.04","0.04","0","False","300","Experity",""
"2025-10-31","sseely-experity","copilot","copilot_premium_request","Claude Sonnet 4.5","1","requests","0.04","0.04","0.04","0","False","300","Experity",""
"2025-10-31","zacharypollard","copilot","copilot_premium_request","Claude Sonnet 4.5","3","requests","0.04","0.12","0.12","0","False","300","Experity",""
"2025-10-31","kjm0001","copilot","copilot_premium_request","Claude Sonnet 4.5","2","requests","0.04","0.08","0.08","0","False","300","Experity",""
"2025-10-31","bkent412","copilot","copilot_premium_request","Claude Sonnet 4.5","29","requests","0.04","1.1600000000000004","1.1600000000000004","0","False","300","Experity",""
"2025-10-31","rgiordano66","copilot","copilot_premium_request","Code Review model","1","requests","0.04","0.04","0.04","0","False","300","Experity",""
"2025-10-31","tleibovich","copilot","copilot_premium_request","Code Review model","2","requests","0.04","0.08","0.08","0","False","300","Experity",""
"2025-10-31","leima2010","copilot","copilot_premium_request","Code Review model","2","requests","0.04","0.08","0.08","0","False","300","onepackius",""
"2025-10-31","hanischandrew","copilot","copilot_premium_request","Code Review model","2","requests","0.04","0.08","0.08","0","False","300","Experity",""
"2025-10-31","sseely-experity","copilot","copilot_premium_request","Code Review model","3","requests","0.04","0.12","0.12","0","False","300","Experity",""
"2025-10-31","iblatter-experity","copilot","copilot_premium_request","Code Review model","3","requests","0.04","0.12","0.12","0","False","300","Experity",""
"2025-10-31","NorJull","copilot","copilot_premium_request","Code Review model","1","requests","0.04","0.04","0.04","0","False","300","onepackius",""
"2025-10-31","tobyjoliver","copilot","copilot_premium_request","Code Review model","1","requests","0.04","0.04","0.04","0","False","300","Experity",""
"2025-10-31","twilson-eh","copilot","copilot_premium_request","Code Review model","1","requests","0.04","0.04","0.04","0","False","300","Experity",""
"2025-10-31","bpatel-pv","copilot","copilot_premium_request","Code Review model","1","requests","0.04","0.04","0.04","0","False","300","Experity",""
"2025-10-31","PhreighnQ","copilot","copilot_premium_request","Gemini 2.5 Pro","7","requests","0.04","0.28","0.28","0","False","300","Experity",""
